country_iso3,rank_baseline,rank_alt,delta_rank,indicator_removed
ABW,62.0,,,IT.NET.USER.ZS
AFG,184.0,133.0,-51.0,IT.NET.USER.ZS
AGO,181.0,140.0,-41.0,IT.NET.USER.ZS
ALB,98.0,69.0,-29.0,IT.NET.USER.ZS
AND,59.0,54.0,-5.0,IT.NET.USER.ZS
ARE,17.0,47.0,30.0,IT.NET.USER.ZS
ARG,43.0,39.0,-4.0,IT.NET.USER.ZS
ARM,99.0,79.0,-20.0,IT.NET.USER.ZS
ASM,,,,IT.NET.USER.ZS
ATG,49.0,,,IT.NET.USER.ZS
AUS,5.0,1.0,-4.0,IT.NET.USER.ZS
AUT,29.0,31.0,2.0,IT.NET.USER.ZS
AZE,101.0,88.0,-13.0,IT.NET.USER.ZS
BDI,197.0,146.0,-51.0,IT.NET.USER.ZS
BEL,9.0,4.0,-5.0,IT.NET.USER.ZS
BEN,182.0,142.0,-40.0,IT.NET.USER.ZS
BFA,192.0,149.0,-43.0,IT.NET.USER.ZS
BGD,157.0,124.0,-33.0,IT.NET.USER.ZS
BGR,47.0,32.0,-15.0,IT.NET.USER.ZS
BHR,64.0,73.0,9.0,IT.NET.USER.ZS
BHS,74.0,,,IT.NET.USER.ZS
BIH,97.0,70.0,-27.0,IT.NET.USER.ZS
BLR,40.0,34.0,-6.0,IT.NET.USER.ZS
BLZ,121.0,83.0,-38.0,IT.NET.USER.ZS
BMU,44.0,50.0,6.0,IT.NET.USER.ZS
BOL,132.0,,,IT.NET.USER.ZS
BRA,85.0,66.0,-19.0,IT.NET.USER.ZS
BRB,66.0,51.0,-15.0,IT.NET.USER.ZS
BRN,89.0,82.0,-7.0,IT.NET.USER.ZS
BTN,134.0,116.0,-18.0,IT.NET.USER.ZS
BWA,108.0,120.0,12.0,IT.NET.USER.ZS
CAF,204.0,,,IT.NET.USER.ZS
CAN,34.0,16.0,-18.0,IT.NET.USER.ZS
CHE,15.0,13.0,-2.0,IT.NET.USER.ZS
CHL,42.0,40.0,-2.0,IT.NET.USER.ZS
CHN,83.0,,,IT.NET.USER.ZS
CIV,158.0,136.0,-22.0,IT.NET.USER.ZS
CMR,170.0,137.0,-33.0,IT.NET.USER.ZS
COD,196.0,,,IT.NET.USER.ZS
COG,162.0,,,IT.NET.USER.ZS
COL,88.0,71.0,-17.0,IT.NET.USER.ZS
COM,175.0,135.0,-40.0,IT.NET.USER.ZS
CPV,118.0,107.0,-11.0,IT.NET.USER.ZS
CRI,55.0,62.0,7.0,IT.NET.USER.ZS
CUB,142.0,112.0,-30.0,IT.NET.USER.ZS
CUW,71.0,,,IT.NET.USER.ZS
CYM,11.0,,,IT.NET.USER.ZS
CYP,27.0,28.0,1.0,IT.NET.USER.ZS
CZE,38.0,33.0,-5.0,IT.NET.USER.ZS
DEU,24.0,19.0,-5.0,IT.NET.USER.ZS
DJI,167.0,,,IT.NET.USER.ZS
DMA,65.0,,,IT.NET.USER.ZS
DNK,3.0,3.0,0.0,IT.NET.USER.ZS
DOM,120.0,98.0,-22.0,IT.NET.USER.ZS
DZA,130.0,85.0,-45.0,IT.NET.USER.ZS
ECU,116.0,80.0,-36.0,IT.NET.USER.ZS
EGY,138.0,117.0,-21.0,IT.NET.USER.ZS
ERI,202.0,153.0,-49.0,IT.NET.USER.ZS
ESP,23.0,12.0,-11.0,IT.NET.USER.ZS
EST,16.0,21.0,5.0,IT.NET.USER.ZS
ETH,199.0,,,IT.NET.USER.ZS
FIN,4.0,2.0,-2.0,IT.NET.USER.ZS
FJI,110.0,84.0,-26.0,IT.NET.USER.ZS
FRA,33.0,22.0,-11.0,IT.NET.USER.ZS
FRO,31.0,,,IT.NET.USER.ZS
FSM,172.0,,,IT.NET.USER.ZS
GAB,126.0,,,IT.NET.USER.ZS
GBR,19.0,14.0,-5.0,IT.NET.USER.ZS
GEO,60.0,52.0,-8.0,IT.NET.USER.ZS
GHA,145.0,125.0,-20.0,IT.NET.USER.ZS
GIB,6.0,,,IT.NET.USER.ZS
GIN,173.0,,,IT.NET.USER.ZS
GMB,149.0,,,IT.NET.USER.ZS
GNB,178.0,,,IT.NET.USER.ZS
GNQ,179.0,,,IT.NET.USER.ZS
GRC,18.0,5.0,-13.0,IT.NET.USER.ZS
GRD,81.0,48.0,-33.0,IT.NET.USER.ZS
GRL,79.0,,,IT.NET.USER.ZS
GTM,136.0,128.0,-8.0,IT.NET.USER.ZS
GUM,,,,IT.NET.USER.ZS
GUY,133.0,,,IT.NET.USER.ZS
HKG,1.0,17.0,16.0,IT.NET.USER.ZS
HND,156.0,129.0,-27.0,IT.NET.USER.ZS
HRV,54.0,37.0,-17.0,IT.NET.USER.ZS
HTI,183.0,,,IT.NET.USER.ZS
HUN,56.0,43.0,-13.0,IT.NET.USER.ZS
IDN,117.0,97.0,-20.0,IT.NET.USER.ZS
IMN,,,,IT.NET.USER.ZS
IND,147.0,118.0,-29.0,IT.NET.USER.ZS
IRL,22.0,10.0,-12.0,IT.NET.USER.ZS
IRN,95.0,93.0,-2.0,IT.NET.USER.ZS
IRQ,135.0,,,IT.NET.USER.ZS
ISL,14.0,11.0,-3.0,IT.NET.USER.ZS
ISR,50.0,49.0,-1.0,IT.NET.USER.ZS
ITA,52.0,44.0,-8.0,IT.NET.USER.ZS
JAM,112.0,110.0,-2.0,IT.NET.USER.ZS
JOR,128.0,108.0,-20.0,IT.NET.USER.ZS
JPN,32.0,38.0,6.0,IT.NET.USER.ZS
KAZ,76.0,72.0,-4.0,IT.NET.USER.ZS
KEN,164.0,131.0,-33.0,IT.NET.USER.ZS
KGZ,115.0,102.0,-13.0,IT.NET.USER.ZS
KHM,152.0,130.0,-22.0,IT.NET.USER.ZS
KIR,185.0,,,IT.NET.USER.ZS
KNA,26.0,27.0,1.0,IT.NET.USER.ZS
KOR,20.0,23.0,3.0,IT.NET.USER.ZS
KWT,68.0,92.0,24.0,IT.NET.USER.ZS
LAO,169.0,132.0,-37.0,IT.NET.USER.ZS
LBN,127.0,105.0,-22.0,IT.NET.USER.ZS
LBR,194.0,,,IT.NET.USER.ZS
LBY,63.0,,,IT.NET.USER.ZS
LCA,122.0,100.0,-22.0,IT.NET.USER.ZS
LIE,21.0,26.0,5.0,IT.NET.USER.ZS
LKA,129.0,109.0,-20.0,IT.NET.USER.ZS
LSO,159.0,134.0,-25.0,IT.NET.USER.ZS
LTU,37.0,36.0,-1.0,IT.NET.USER.ZS
LUX,41.0,46.0,5.0,IT.NET.USER.ZS
LVA,35.0,29.0,-6.0,IT.NET.USER.ZS
MAC,2.0,42.0,40.0,IT.NET.USER.ZS
MAF,,,,IT.NET.USER.ZS
MAR,113.0,104.0,-9.0,IT.NET.USER.ZS
MCO,10.0,6.0,-4.0,IT.NET.USER.ZS
MDA,77.0,63.0,-14.0,IT.NET.USER.ZS
MDG,200.0,151.0,-49.0,IT.NET.USER.ZS
MDV,90.0,101.0,11.0,IT.NET.USER.ZS
MEX,106.0,78.0,-28.0,IT.NET.USER.ZS
MHL,150.0,113.0,-37.0,IT.NET.USER.ZS
MKD,94.0,74.0,-20.0,IT.NET.USER.ZS
MLI,166.0,152.0,-14.0,IT.NET.USER.ZS
MLT,39.0,35.0,-4.0,IT.NET.USER.ZS
MMR,151.0,127.0,-24.0,IT.NET.USER.ZS
MNE,58.0,67.0,9.0,IT.NET.USER.ZS
MNG,102.0,68.0,-34.0,IT.NET.USER.ZS
MNP,,,,IT.NET.USER.ZS
MOZ,191.0,148.0,-43.0,IT.NET.USER.ZS
MRT,176.0,150.0,-26.0,IT.NET.USER.ZS
MUS,78.0,76.0,-2.0,IT.NET.USER.ZS
MWI,198.0,144.0,-54.0,IT.NET.USER.ZS
MYS,91.0,91.0,0.0,IT.NET.USER.ZS
NAM,137.0,119.0,-18.0,IT.NET.USER.ZS
NCL,96.0,,,IT.NET.USER.ZS
NER,203.0,155.0,-48.0,IT.NET.USER.ZS
NGA,160.0,,,IT.NET.USER.ZS
NIC,140.0,,,IT.NET.USER.ZS
NLD,7.0,7.0,0.0,IT.NET.USER.ZS
NOR,12.0,9.0,-3.0,IT.NET.USER.ZS
NPL,141.0,123.0,-18.0,IT.NET.USER.ZS
NRU,,,,IT.NET.USER.ZS
NZL,25.0,20.0,-5.0,IT.NET.USER.ZS
OMN,87.0,90.0,3.0,IT.NET.USER.ZS
PAK,186.0,141.0,-45.0,IT.NET.USER.ZS
PAN,84.0,96.0,12.0,IT.NET.USER.ZS
PER,105.0,75.0,-30.0,IT.NET.USER.ZS
PHL,125.0,114.0,-11.0,IT.NET.USER.ZS
PLW,109.0,81.0,-28.0,IT.NET.USER.ZS
PNG,187.0,,,IT.NET.USER.ZS
POL,48.0,41.0,-7.0,IT.NET.USER.ZS
PRI,80.0,55.0,-25.0,IT.NET.USER.ZS
PRK,,,,IT.NET.USER.ZS
PRT,36.0,24.0,-12.0,IT.NET.USER.ZS
PRY,111.0,,,IT.NET.USER.ZS
PSE,119.0,94.0,-25.0,IT.NET.USER.ZS
PYF,100.0,,,IT.NET.USER.ZS
QAT,86.0,95.0,9.0,IT.NET.USER.ZS
ROU,73.0,59.0,-14.0,IT.NET.USER.ZS
RUS,46.0,53.0,7.0,IT.NET.USER.ZS
RWA,180.0,143.0,-37.0,IT.NET.USER.ZS
SAU,53.0,58.0,5.0,IT.NET.USER.ZS
SDN,188.0,145.0,-43.0,IT.NET.USER.ZS
SEN,163.0,139.0,-24.0,IT.NET.USER.ZS
SGP,13.0,15.0,2.0,IT.NET.USER.ZS
SLB,171.0,,,IT.NET.USER.ZS
SLE,174.0,,,IT.NET.USER.ZS
SLV,123.0,121.0,-2.0,IT.NET.USER.ZS
SMR,69.0,60.0,-9.0,IT.NET.USER.ZS
SOM,195.0,,,IT.NET.USER.ZS
SRB,67.0,57.0,-10.0,IT.NET.USER.ZS
SSD,205.0,,,IT.NET.USER.ZS
STP,153.0,126.0,-27.0,IT.NET.USER.ZS
SUR,104.0,99.0,-5.0,IT.NET.USER.ZS
SVK,57.0,56.0,-1.0,IT.NET.USER.ZS
SVN,30.0,25.0,-5.0,IT.NET.USER.ZS
SWE,8.0,8.0,0.0,IT.NET.USER.ZS
SWZ,144.0,,,IT.NET.USER.ZS
SXM,,,,IT.NET.USER.ZS
SYC,61.0,61.0,0.0,IT.NET.USER.ZS
SYR,165.0,,,IT.NET.USER.ZS
TCA,,,,IT.NET.USER.ZS
TCD,201.0,154.0,-47.0,IT.NET.USER.ZS
TGO,177.0,138.0,-39.0,IT.NET.USER.ZS
THA,82.0,77.0,-5.0,IT.NET.USER.ZS
TJK,146.0,111.0,-35.0,IT.NET.USER.ZS
TKM,155.0,122.0,-33.0,IT.NET.USER.ZS
TLS,148.0,,,IT.NET.USER.ZS
TON,139.0,106.0,-33.0,IT.NET.USER.ZS
TTO,70.0,,,IT.NET.USER.ZS
TUN,107.0,115.0,8.0,IT.NET.USER.ZS
TUR,51.0,30.0,-21.0,IT.NET.USER.ZS
TUV,114.0,,,IT.NET.USER.ZS
TZA,190.0,147.0,-43.0,IT.NET.USER.ZS
UGA,189.0,,,IT.NET.USER.ZS
UKR,72.0,64.0,-8.0,IT.NET.USER.ZS
URY,45.0,45.0,0.0,IT.NET.USER.ZS
USA,28.0,18.0,-10.0,IT.NET.USER.ZS
UZB,124.0,103.0,-21.0,IT.NET.USER.ZS
VCT,103.0,87.0,-16.0,IT.NET.USER.ZS
VEN,131.0,,,IT.NET.USER.ZS
VGB,75.0,65.0,-10.0,IT.NET.USER.ZS
VIR,,,,IT.NET.USER.ZS
VNM,92.0,86.0,-6.0,IT.NET.USER.ZS
VUT,143.0,,,IT.NET.USER.ZS
WSM,154.0,,,IT.NET.USER.ZS
XKX,,,,IT.NET.USER.ZS
YEM,193.0,,,IT.NET.USER.ZS
ZAF,93.0,89.0,-4.0,IT.NET.USER.ZS
ZMB,168.0,,,IT.NET.USER.ZS
ZWE,161.0,,,IT.NET.USER.ZS
ABW,62.0,,,IT.CEL.SETS.P2
AFG,184.0,133.0,-51.0,IT.CEL.SETS.P2
AGO,181.0,140.0,-41.0,IT.CEL.SETS.P2
ALB,98.0,69.0,-29.0,IT.CEL.SETS.P2
AND,59.0,54.0,-5.0,IT.CEL.SETS.P2
ARE,17.0,47.0,30.0,IT.CEL.SETS.P2
ARG,43.0,39.0,-4.0,IT.CEL.SETS.P2
ARM,99.0,79.0,-20.0,IT.CEL.SETS.P2
ASM,,,,IT.CEL.SETS.P2
ATG,49.0,,,IT.CEL.SETS.P2
AUS,5.0,1.0,-4.0,IT.CEL.SETS.P2
AUT,29.0,31.0,2.0,IT.CEL.SETS.P2
AZE,101.0,88.0,-13.0,IT.CEL.SETS.P2
BDI,197.0,146.0,-51.0,IT.CEL.SETS.P2
BEL,9.0,4.0,-5.0,IT.CEL.SETS.P2
BEN,182.0,142.0,-40.0,IT.CEL.SETS.P2
BFA,192.0,149.0,-43.0,IT.CEL.SETS.P2
BGD,157.0,124.0,-33.0,IT.CEL.SETS.P2
BGR,47.0,32.0,-15.0,IT.CEL.SETS.P2
BHR,64.0,73.0,9.0,IT.CEL.SETS.P2
BHS,74.0,,,IT.CEL.SETS.P2
BIH,97.0,70.0,-27.0,IT.CEL.SETS.P2
BLR,40.0,34.0,-6.0,IT.CEL.SETS.P2
BLZ,121.0,83.0,-38.0,IT.CEL.SETS.P2
BMU,44.0,50.0,6.0,IT.CEL.SETS.P2
BOL,132.0,,,IT.CEL.SETS.P2
BRA,85.0,66.0,-19.0,IT.CEL.SETS.P2
BRB,66.0,51.0,-15.0,IT.CEL.SETS.P2
BRN,89.0,82.0,-7.0,IT.CEL.SETS.P2
BTN,134.0,116.0,-18.0,IT.CEL.SETS.P2
BWA,108.0,120.0,12.0,IT.CEL.SETS.P2
CAF,204.0,,,IT.CEL.SETS.P2
CAN,34.0,16.0,-18.0,IT.CEL.SETS.P2
CHE,15.0,13.0,-2.0,IT.CEL.SETS.P2
CHL,42.0,40.0,-2.0,IT.CEL.SETS.P2
CHN,83.0,,,IT.CEL.SETS.P2
CIV,158.0,136.0,-22.0,IT.CEL.SETS.P2
CMR,170.0,137.0,-33.0,IT.CEL.SETS.P2
COD,196.0,,,IT.CEL.SETS.P2
COG,162.0,,,IT.CEL.SETS.P2
COL,88.0,71.0,-17.0,IT.CEL.SETS.P2
COM,175.0,135.0,-40.0,IT.CEL.SETS.P2
CPV,118.0,107.0,-11.0,IT.CEL.SETS.P2
CRI,55.0,62.0,7.0,IT.CEL.SETS.P2
CUB,142.0,112.0,-30.0,IT.CEL.SETS.P2
CUW,71.0,,,IT.CEL.SETS.P2
CYM,11.0,,,IT.CEL.SETS.P2
CYP,27.0,28.0,1.0,IT.CEL.SETS.P2
CZE,38.0,33.0,-5.0,IT.CEL.SETS.P2
DEU,24.0,19.0,-5.0,IT.CEL.SETS.P2
DJI,167.0,,,IT.CEL.SETS.P2
DMA,65.0,,,IT.CEL.SETS.P2
DNK,3.0,3.0,0.0,IT.CEL.SETS.P2
DOM,120.0,98.0,-22.0,IT.CEL.SETS.P2
DZA,130.0,85.0,-45.0,IT.CEL.SETS.P2
ECU,116.0,80.0,-36.0,IT.CEL.SETS.P2
EGY,138.0,117.0,-21.0,IT.CEL.SETS.P2
ERI,202.0,153.0,-49.0,IT.CEL.SETS.P2
ESP,23.0,12.0,-11.0,IT.CEL.SETS.P2
EST,16.0,21.0,5.0,IT.CEL.SETS.P2
ETH,199.0,,,IT.CEL.SETS.P2
FIN,4.0,2.0,-2.0,IT.CEL.SETS.P2
FJI,110.0,84.0,-26.0,IT.CEL.SETS.P2
FRA,33.0,22.0,-11.0,IT.CEL.SETS.P2
FRO,31.0,,,IT.CEL.SETS.P2
FSM,172.0,,,IT.CEL.SETS.P2
GAB,126.0,,,IT.CEL.SETS.P2
GBR,19.0,14.0,-5.0,IT.CEL.SETS.P2
GEO,60.0,52.0,-8.0,IT.CEL.SETS.P2
GHA,145.0,125.0,-20.0,IT.CEL.SETS.P2
GIB,6.0,,,IT.CEL.SETS.P2
GIN,173.0,,,IT.CEL.SETS.P2
GMB,149.0,,,IT.CEL.SETS.P2
GNB,178.0,,,IT.CEL.SETS.P2
GNQ,179.0,,,IT.CEL.SETS.P2
GRC,18.0,5.0,-13.0,IT.CEL.SETS.P2
GRD,81.0,48.0,-33.0,IT.CEL.SETS.P2
GRL,79.0,,,IT.CEL.SETS.P2
GTM,136.0,128.0,-8.0,IT.CEL.SETS.P2
GUM,,,,IT.CEL.SETS.P2
GUY,133.0,,,IT.CEL.SETS.P2
HKG,1.0,17.0,16.0,IT.CEL.SETS.P2
HND,156.0,129.0,-27.0,IT.CEL.SETS.P2
HRV,54.0,37.0,-17.0,IT.CEL.SETS.P2
HTI,183.0,,,IT.CEL.SETS.P2
HUN,56.0,43.0,-13.0,IT.CEL.SETS.P2
IDN,117.0,97.0,-20.0,IT.CEL.SETS.P2
IMN,,,,IT.CEL.SETS.P2
IND,147.0,118.0,-29.0,IT.CEL.SETS.P2
IRL,22.0,10.0,-12.0,IT.CEL.SETS.P2
IRN,95.0,93.0,-2.0,IT.CEL.SETS.P2
IRQ,135.0,,,IT.CEL.SETS.P2
ISL,14.0,11.0,-3.0,IT.CEL.SETS.P2
ISR,50.0,49.0,-1.0,IT.CEL.SETS.P2
ITA,52.0,44.0,-8.0,IT.CEL.SETS.P2
JAM,112.0,110.0,-2.0,IT.CEL.SETS.P2
JOR,128.0,108.0,-20.0,IT.CEL.SETS.P2
JPN,32.0,38.0,6.0,IT.CEL.SETS.P2
KAZ,76.0,72.0,-4.0,IT.CEL.SETS.P2
KEN,164.0,131.0,-33.0,IT.CEL.SETS.P2
KGZ,115.0,102.0,-13.0,IT.CEL.SETS.P2
KHM,152.0,130.0,-22.0,IT.CEL.SETS.P2
KIR,185.0,,,IT.CEL.SETS.P2
KNA,26.0,27.0,1.0,IT.CEL.SETS.P2
KOR,20.0,23.0,3.0,IT.CEL.SETS.P2
KWT,68.0,92.0,24.0,IT.CEL.SETS.P2
LAO,169.0,132.0,-37.0,IT.CEL.SETS.P2
LBN,127.0,105.0,-22.0,IT.CEL.SETS.P2
LBR,194.0,,,IT.CEL.SETS.P2
LBY,63.0,,,IT.CEL.SETS.P2
LCA,122.0,100.0,-22.0,IT.CEL.SETS.P2
LIE,21.0,26.0,5.0,IT.CEL.SETS.P2
LKA,129.0,109.0,-20.0,IT.CEL.SETS.P2
LSO,159.0,134.0,-25.0,IT.CEL.SETS.P2
LTU,37.0,36.0,-1.0,IT.CEL.SETS.P2
LUX,41.0,46.0,5.0,IT.CEL.SETS.P2
LVA,35.0,29.0,-6.0,IT.CEL.SETS.P2
MAC,2.0,42.0,40.0,IT.CEL.SETS.P2
MAF,,,,IT.CEL.SETS.P2
MAR,113.0,104.0,-9.0,IT.CEL.SETS.P2
MCO,10.0,6.0,-4.0,IT.CEL.SETS.P2
MDA,77.0,63.0,-14.0,IT.CEL.SETS.P2
MDG,200.0,151.0,-49.0,IT.CEL.SETS.P2
MDV,90.0,101.0,11.0,IT.CEL.SETS.P2
MEX,106.0,78.0,-28.0,IT.CEL.SETS.P2
MHL,150.0,113.0,-37.0,IT.CEL.SETS.P2
MKD,94.0,74.0,-20.0,IT.CEL.SETS.P2
MLI,166.0,152.0,-14.0,IT.CEL.SETS.P2
MLT,39.0,35.0,-4.0,IT.CEL.SETS.P2
MMR,151.0,127.0,-24.0,IT.CEL.SETS.P2
MNE,58.0,67.0,9.0,IT.CEL.SETS.P2
MNG,102.0,68.0,-34.0,IT.CEL.SETS.P2
MNP,,,,IT.CEL.SETS.P2
MOZ,191.0,148.0,-43.0,IT.CEL.SETS.P2
MRT,176.0,150.0,-26.0,IT.CEL.SETS.P2
MUS,78.0,76.0,-2.0,IT.CEL.SETS.P2
MWI,198.0,144.0,-54.0,IT.CEL.SETS.P2
MYS,91.0,91.0,0.0,IT.CEL.SETS.P2
NAM,137.0,119.0,-18.0,IT.CEL.SETS.P2
NCL,96.0,,,IT.CEL.SETS.P2
NER,203.0,155.0,-48.0,IT.CEL.SETS.P2
NGA,160.0,,,IT.CEL.SETS.P2
NIC,140.0,,,IT.CEL.SETS.P2
NLD,7.0,7.0,0.0,IT.CEL.SETS.P2
NOR,12.0,9.0,-3.0,IT.CEL.SETS.P2
NPL,141.0,123.0,-18.0,IT.CEL.SETS.P2
NRU,,,,IT.CEL.SETS.P2
NZL,25.0,20.0,-5.0,IT.CEL.SETS.P2
OMN,87.0,90.0,3.0,IT.CEL.SETS.P2
PAK,186.0,141.0,-45.0,IT.CEL.SETS.P2
PAN,84.0,96.0,12.0,IT.CEL.SETS.P2
PER,105.0,75.0,-30.0,IT.CEL.SETS.P2
PHL,125.0,114.0,-11.0,IT.CEL.SETS.P2
PLW,109.0,81.0,-28.0,IT.CEL.SETS.P2
PNG,187.0,,,IT.CEL.SETS.P2
POL,48.0,41.0,-7.0,IT.CEL.SETS.P2
PRI,80.0,55.0,-25.0,IT.CEL.SETS.P2
PRK,,,,IT.CEL.SETS.P2
PRT,36.0,24.0,-12.0,IT.CEL.SETS.P2
PRY,111.0,,,IT.CEL.SETS.P2
PSE,119.0,94.0,-25.0,IT.CEL.SETS.P2
PYF,100.0,,,IT.CEL.SETS.P2
QAT,86.0,95.0,9.0,IT.CEL.SETS.P2
ROU,73.0,59.0,-14.0,IT.CEL.SETS.P2
RUS,46.0,53.0,7.0,IT.CEL.SETS.P2
RWA,180.0,143.0,-37.0,IT.CEL.SETS.P2
SAU,53.0,58.0,5.0,IT.CEL.SETS.P2
SDN,188.0,145.0,-43.0,IT.CEL.SETS.P2
SEN,163.0,139.0,-24.0,IT.CEL.SETS.P2
SGP,13.0,15.0,2.0,IT.CEL.SETS.P2
SLB,171.0,,,IT.CEL.SETS.P2
SLE,174.0,,,IT.CEL.SETS.P2
SLV,123.0,121.0,-2.0,IT.CEL.SETS.P2
SMR,69.0,60.0,-9.0,IT.CEL.SETS.P2
SOM,195.0,,,IT.CEL.SETS.P2
SRB,67.0,57.0,-10.0,IT.CEL.SETS.P2
SSD,205.0,,,IT.CEL.SETS.P2
STP,153.0,126.0,-27.0,IT.CEL.SETS.P2
SUR,104.0,99.0,-5.0,IT.CEL.SETS.P2
SVK,57.0,56.0,-1.0,IT.CEL.SETS.P2
SVN,30.0,25.0,-5.0,IT.CEL.SETS.P2
SWE,8.0,8.0,0.0,IT.CEL.SETS.P2
SWZ,144.0,,,IT.CEL.SETS.P2
SXM,,,,IT.CEL.SETS.P2
SYC,61.0,61.0,0.0,IT.CEL.SETS.P2
SYR,165.0,,,IT.CEL.SETS.P2
TCA,,,,IT.CEL.SETS.P2
TCD,201.0,154.0,-47.0,IT.CEL.SETS.P2
TGO,177.0,138.0,-39.0,IT.CEL.SETS.P2
THA,82.0,77.0,-5.0,IT.CEL.SETS.P2
TJK,146.0,111.0,-35.0,IT.CEL.SETS.P2
TKM,155.0,122.0,-33.0,IT.CEL.SETS.P2
TLS,148.0,,,IT.CEL.SETS.P2
TON,139.0,106.0,-33.0,IT.CEL.SETS.P2
TTO,70.0,,,IT.CEL.SETS.P2
TUN,107.0,115.0,8.0,IT.CEL.SETS.P2
TUR,51.0,30.0,-21.0,IT.CEL.SETS.P2
TUV,114.0,,,IT.CEL.SETS.P2
TZA,190.0,147.0,-43.0,IT.CEL.SETS.P2
UGA,189.0,,,IT.CEL.SETS.P2
UKR,72.0,64.0,-8.0,IT.CEL.SETS.P2
URY,45.0,45.0,0.0,IT.CEL.SETS.P2
USA,28.0,18.0,-10.0,IT.CEL.SETS.P2
UZB,124.0,103.0,-21.0,IT.CEL.SETS.P2
VCT,103.0,87.0,-16.0,IT.CEL.SETS.P2
VEN,131.0,,,IT.CEL.SETS.P2
VGB,75.0,65.0,-10.0,IT.CEL.SETS.P2
VIR,,,,IT.CEL.SETS.P2
VNM,92.0,86.0,-6.0,IT.CEL.SETS.P2
VUT,143.0,,,IT.CEL.SETS.P2
WSM,154.0,,,IT.CEL.SETS.P2
XKX,,,,IT.CEL.SETS.P2
YEM,193.0,,,IT.CEL.SETS.P2
ZAF,93.0,89.0,-4.0,IT.CEL.SETS.P2
ZMB,168.0,,,IT.CEL.SETS.P2
ZWE,161.0,,,IT.CEL.SETS.P2
ABW,62.0,,,IT.NET.BBND.P2
AFG,184.0,139.0,-45.0,IT.NET.BBND.P2
AGO,181.0,142.0,-39.0,IT.NET.BBND.P2
ALB,98.0,76.0,-22.0,IT.NET.BBND.P2
AND,59.0,85.0,26.0,IT.NET.BBND.P2
ARE,17.0,9.0,-8.0,IT.NET.BBND.P2
ARG,43.0,16.0,-27.0,IT.NET.BBND.P2
ARM,99.0,75.0,-24.0,IT.NET.BBND.P2
ASM,,,,IT.NET.BBND.P2
ATG,49.0,,,IT.NET.BBND.P2
AUS,5.0,4.0,-1.0,IT.NET.BBND.P2
AUT,29.0,27.0,-2.0,IT.NET.BBND.P2
AZE,101.0,88.0,-13.0,IT.NET.BBND.P2
BDI,197.0,146.0,-51.0,IT.NET.BBND.P2
BEL,9.0,5.0,-4.0,IT.NET.BBND.P2
BEN,182.0,134.0,-48.0,IT.NET.BBND.P2
BFA,192.0,140.0,-52.0,IT.NET.BBND.P2
BGD,157.0,128.0,-29.0,IT.NET.BBND.P2
BGR,47.0,48.0,1.0,IT.NET.BBND.P2
BHR,64.0,32.0,-32.0,IT.NET.BBND.P2
BHS,74.0,,,IT.NET.BBND.P2
BIH,97.0,92.0,-5.0,IT.NET.BBND.P2
BLR,40.0,40.0,0.0,IT.NET.BBND.P2
BLZ,121.0,118.0,-3.0,IT.NET.BBND.P2
BMU,44.0,102.0,58.0,IT.NET.BBND.P2
BOL,132.0,,,IT.NET.BBND.P2
BRA,85.0,72.0,-13.0,IT.NET.BBND.P2
BRB,66.0,66.0,0.0,IT.NET.BBND.P2
BRN,89.0,78.0,-11.0,IT.NET.BBND.P2
BTN,134.0,108.0,-26.0,IT.NET.BBND.P2
BWA,108.0,83.0,-25.0,IT.NET.BBND.P2
CAF,204.0,,,IT.NET.BBND.P2
CAN,34.0,46.0,12.0,IT.NET.BBND.P2
CHE,15.0,37.0,22.0,IT.NET.BBND.P2
CHL,42.0,22.0,-20.0,IT.NET.BBND.P2
CHN,83.0,,,IT.NET.BBND.P2
CIV,158.0,125.0,-33.0,IT.NET.BBND.P2
CMR,170.0,133.0,-37.0,IT.NET.BBND.P2
COD,196.0,,,IT.NET.BBND.P2
COG,162.0,,,IT.NET.BBND.P2
COL,88.0,65.0,-23.0,IT.NET.BBND.P2
COM,175.0,138.0,-37.0,IT.NET.BBND.P2
CPV,118.0,101.0,-17.0,IT.NET.BBND.P2
CRI,55.0,25.0,-30.0,IT.NET.BBND.P2
CUB,142.0,113.0,-29.0,IT.NET.BBND.P2
CUW,71.0,,,IT.NET.BBND.P2
CYM,11.0,,,IT.NET.BBND.P2
CYP,27.0,28.0,1.0,IT.NET.BBND.P2
CZE,38.0,47.0,9.0,IT.NET.BBND.P2
DEU,24.0,41.0,17.0,IT.NET.BBND.P2
DJI,167.0,,,IT.NET.BBND.P2
DMA,65.0,,,IT.NET.BBND.P2
DNK,3.0,7.0,4.0,IT.NET.BBND.P2
DOM,120.0,97.0,-23.0,IT.NET.BBND.P2
DZA,130.0,68.0,-62.0,IT.NET.BBND.P2
ECU,116.0,95.0,-21.0,IT.NET.BBND.P2
EGY,138.0,115.0,-23.0,IT.NET.BBND.P2
ERI,202.0,149.0,-53.0,IT.NET.BBND.P2
ESP,23.0,13.0,-10.0,IT.NET.BBND.P2
EST,16.0,17.0,1.0,IT.NET.BBND.P2
ETH,199.0,,,IT.NET.BBND.P2
FIN,4.0,3.0,-1.0,IT.NET.BBND.P2
FJI,110.0,71.0,-39.0,IT.NET.BBND.P2
FRA,33.0,55.0,22.0,IT.NET.BBND.P2
FRO,31.0,,,IT.NET.BBND.P2
FSM,172.0,,,IT.NET.BBND.P2
GAB,126.0,,,IT.NET.BBND.P2
GBR,19.0,29.0,10.0,IT.NET.BBND.P2
GEO,60.0,44.0,-16.0,IT.NET.BBND.P2
GHA,145.0,117.0,-28.0,IT.NET.BBND.P2
GIB,6.0,,,IT.NET.BBND.P2
GIN,173.0,,,IT.NET.BBND.P2
GMB,149.0,,,IT.NET.BBND.P2
GNB,178.0,,,IT.NET.BBND.P2
GNQ,179.0,,,IT.NET.BBND.P2
GRC,18.0,6.0,-12.0,IT.NET.BBND.P2
GRD,81.0,54.0,-27.0,IT.NET.BBND.P2
GRL,79.0,,,IT.NET.BBND.P2
GTM,136.0,123.0,-13.0,IT.NET.BBND.P2
GUM,,,,IT.NET.BBND.P2
GUY,133.0,,,IT.NET.BBND.P2
HKG,1.0,1.0,0.0,IT.NET.BBND.P2
HND,156.0,130.0,-26.0,IT.NET.BBND.P2
HRV,54.0,53.0,-1.0,IT.NET.BBND.P2
HTI,183.0,,,IT.NET.BBND.P2
HUN,56.0,67.0,11.0,IT.NET.BBND.P2
IDN,117.0,96.0,-21.0,IT.NET.BBND.P2
IMN,,,,IT.NET.BBND.P2
IND,147.0,124.0,-23.0,IT.NET.BBND.P2
IRL,22.0,19.0,-3.0,IT.NET.BBND.P2
IRN,95.0,86.0,-9.0,IT.NET.BBND.P2
IRQ,135.0,,,IT.NET.BBND.P2
ISL,14.0,21.0,7.0,IT.NET.BBND.P2
ISR,50.0,49.0,-1.0,IT.NET.BBND.P2
ITA,52.0,52.0,0.0,IT.NET.BBND.P2
JAM,112.0,114.0,2.0,IT.NET.BBND.P2
JOR,128.0,107.0,-21.0,IT.NET.BBND.P2
JPN,32.0,35.0,3.0,IT.NET.BBND.P2
KAZ,76.0,58.0,-18.0,IT.NET.BBND.P2
KEN,164.0,132.0,-32.0,IT.NET.BBND.P2
KGZ,115.0,90.0,-25.0,IT.NET.BBND.P2
KHM,152.0,121.0,-31.0,IT.NET.BBND.P2
KIR,185.0,,,IT.NET.BBND.P2
KNA,26.0,11.0,-15.0,IT.NET.BBND.P2
KOR,20.0,14.0,-6.0,IT.NET.BBND.P2
KWT,68.0,18.0,-50.0,IT.NET.BBND.P2
LAO,169.0,131.0,-38.0,IT.NET.BBND.P2
LBN,127.0,109.0,-18.0,IT.NET.BBND.P2
LBR,194.0,,,IT.NET.BBND.P2
LBY,63.0,,,IT.NET.BBND.P2
LCA,122.0,110.0,-12.0,IT.NET.BBND.P2
LIE,21.0,45.0,24.0,IT.NET.BBND.P2
LKA,129.0,111.0,-18.0,IT.NET.BBND.P2
LSO,159.0,129.0,-30.0,IT.NET.BBND.P2
LTU,37.0,38.0,1.0,IT.NET.BBND.P2
LUX,41.0,62.0,21.0,IT.NET.BBND.P2
LVA,35.0,26.0,-9.0,IT.NET.BBND.P2
MAC,2.0,2.0,0.0,IT.NET.BBND.P2
MAF,,,,IT.NET.BBND.P2
MAR,113.0,84.0,-29.0,IT.NET.BBND.P2
MCO,10.0,24.0,14.0,IT.NET.BBND.P2
MDA,77.0,74.0,-3.0,IT.NET.BBND.P2
MDG,200.0,148.0,-52.0,IT.NET.BBND.P2
MDV,90.0,80.0,-10.0,IT.NET.BBND.P2
MEX,106.0,91.0,-15.0,IT.NET.BBND.P2
MHL,150.0,122.0,-28.0,IT.NET.BBND.P2
MKD,94.0,89.0,-5.0,IT.NET.BBND.P2
MLI,166.0,135.0,-31.0,IT.NET.BBND.P2
MLT,39.0,50.0,11.0,IT.NET.BBND.P2
MMR,151.0,120.0,-31.0,IT.NET.BBND.P2
MNE,58.0,39.0,-19.0,IT.NET.BBND.P2
MNG,102.0,63.0,-39.0,IT.NET.BBND.P2
MNP,,,,IT.NET.BBND.P2
MOZ,191.0,145.0,-46.0,IT.NET.BBND.P2
MRT,176.0,137.0,-39.0,IT.NET.BBND.P2
MUS,78.0,82.0,4.0,IT.NET.BBND.P2
MWI,198.0,147.0,-51.0,IT.NET.BBND.P2
MYS,91.0,79.0,-12.0,IT.NET.BBND.P2
NAM,137.0,116.0,-21.0,IT.NET.BBND.P2
NCL,96.0,,,IT.NET.BBND.P2
NER,203.0,150.0,-53.0,IT.NET.BBND.P2
NGA,160.0,,,IT.NET.BBND.P2
NIC,140.0,,,IT.NET.BBND.P2
NLD,7.0,12.0,5.0,IT.NET.BBND.P2
NOR,12.0,15.0,3.0,IT.NET.BBND.P2
NPL,141.0,119.0,-22.0,IT.NET.BBND.P2
NRU,,,,IT.NET.BBND.P2
NZL,25.0,20.0,-5.0,IT.NET.BBND.P2
OMN,87.0,51.0,-36.0,IT.NET.BBND.P2
PAK,186.0,143.0,-43.0,IT.NET.BBND.P2
PAN,84.0,93.0,9.0,IT.NET.BBND.P2
PER,105.0,70.0,-35.0,IT.NET.BBND.P2
PHL,125.0,100.0,-25.0,IT.NET.BBND.P2
PLW,109.0,,,IT.NET.BBND.P2
PNG,187.0,,,IT.NET.BBND.P2
POL,48.0,36.0,-12.0,IT.NET.BBND.P2
PRI,80.0,56.0,-24.0,IT.NET.BBND.P2
PRK,,,,IT.NET.BBND.P2
PRT,36.0,43.0,7.0,IT.NET.BBND.P2
PRY,111.0,,,IT.NET.BBND.P2
PSE,119.0,99.0,-20.0,IT.NET.BBND.P2
PYF,100.0,,,IT.NET.BBND.P2
QAT,86.0,57.0,-29.0,IT.NET.BBND.P2
ROU,73.0,81.0,8.0,IT.NET.BBND.P2
RUS,46.0,31.0,-15.0,IT.NET.BBND.P2
RWA,180.0,141.0,-39.0,IT.NET.BBND.P2
SAU,53.0,23.0,-30.0,IT.NET.BBND.P2
SDN,188.0,,,IT.NET.BBND.P2
SEN,163.0,127.0,-36.0,IT.NET.BBND.P2
SGP,13.0,10.0,-3.0,IT.NET.BBND.P2
SLB,171.0,,,IT.NET.BBND.P2
SLE,174.0,,,IT.NET.BBND.P2
SLV,123.0,106.0,-17.0,IT.NET.BBND.P2
SMR,69.0,94.0,25.0,IT.NET.BBND.P2
SOM,195.0,,,IT.NET.BBND.P2
SRB,67.0,59.0,-8.0,IT.NET.BBND.P2
SSD,205.0,,,IT.NET.BBND.P2
STP,153.0,126.0,-27.0,IT.NET.BBND.P2
SUR,104.0,104.0,0.0,IT.NET.BBND.P2
SVK,57.0,64.0,7.0,IT.NET.BBND.P2
SVN,30.0,34.0,4.0,IT.NET.BBND.P2
SWE,8.0,8.0,0.0,IT.NET.BBND.P2
SWZ,144.0,,,IT.NET.BBND.P2
SXM,,,,IT.NET.BBND.P2
SYC,61.0,69.0,8.0,IT.NET.BBND.P2
SYR,165.0,,,IT.NET.BBND.P2
TCA,,,,IT.NET.BBND.P2
TCD,201.0,151.0,-50.0,IT.NET.BBND.P2
TGO,177.0,136.0,-41.0,IT.NET.BBND.P2
THA,82.0,60.0,-22.0,IT.NET.BBND.P2
TJK,146.0,105.0,-41.0,IT.NET.BBND.P2
TKM,155.0,,,IT.NET.BBND.P2
TLS,148.0,,,IT.NET.BBND.P2
TON,139.0,,,IT.NET.BBND.P2
TTO,70.0,,,IT.NET.BBND.P2
TUN,107.0,103.0,-4.0,IT.NET.BBND.P2
TUR,51.0,30.0,-21.0,IT.NET.BBND.P2
TUV,114.0,,,IT.NET.BBND.P2
TZA,190.0,144.0,-46.0,IT.NET.BBND.P2
UGA,189.0,,,IT.NET.BBND.P2
UKR,72.0,61.0,-11.0,IT.NET.BBND.P2
URY,45.0,33.0,-12.0,IT.NET.BBND.P2
USA,28.0,42.0,14.0,IT.NET.BBND.P2
UZB,124.0,112.0,-12.0,IT.NET.BBND.P2
VCT,103.0,98.0,-5.0,IT.NET.BBND.P2
VEN,131.0,,,IT.NET.BBND.P2
VGB,75.0,77.0,2.0,IT.NET.BBND.P2
VIR,,,,IT.NET.BBND.P2
VNM,92.0,87.0,-5.0,IT.NET.BBND.P2
VUT,143.0,,,IT.NET.BBND.P2
WSM,154.0,,,IT.NET.BBND.P2
XKX,,,,IT.NET.BBND.P2
YEM,193.0,,,IT.NET.BBND.P2
ZAF,93.0,73.0,-20.0,IT.NET.BBND.P2
ZMB,168.0,,,IT.NET.BBND.P2
ZWE,161.0,,,IT.NET.BBND.P2
ABW,62.0,,,IT.NET.SECR.P6
AFG,184.0,139.0,-45.0,IT.NET.SECR.P6
AGO,181.0,142.0,-39.0,IT.NET.SECR.P6
ALB,98.0,76.0,-22.0,IT.NET.SECR.P6
AND,59.0,85.0,26.0,IT.NET.SECR.P6
ARE,17.0,9.0,-8.0,IT.NET.SECR.P6
ARG,43.0,16.0,-27.0,IT.NET.SECR.P6
ARM,99.0,75.0,-24.0,IT.NET.SECR.P6
ASM,,,,IT.NET.SECR.P6
ATG,49.0,,,IT.NET.SECR.P6
AUS,5.0,4.0,-1.0,IT.NET.SECR.P6
AUT,29.0,27.0,-2.0,IT.NET.SECR.P6
AZE,101.0,88.0,-13.0,IT.NET.SECR.P6
BDI,197.0,146.0,-51.0,IT.NET.SECR.P6
BEL,9.0,5.0,-4.0,IT.NET.SECR.P6
BEN,182.0,134.0,-48.0,IT.NET.SECR.P6
BFA,192.0,140.0,-52.0,IT.NET.SECR.P6
BGD,157.0,128.0,-29.0,IT.NET.SECR.P6
BGR,47.0,48.0,1.0,IT.NET.SECR.P6
BHR,64.0,32.0,-32.0,IT.NET.SECR.P6
BHS,74.0,,,IT.NET.SECR.P6
BIH,97.0,92.0,-5.0,IT.NET.SECR.P6
BLR,40.0,40.0,0.0,IT.NET.SECR.P6
BLZ,121.0,118.0,-3.0,IT.NET.SECR.P6
BMU,44.0,102.0,58.0,IT.NET.SECR.P6
BOL,132.0,,,IT.NET.SECR.P6
BRA,85.0,72.0,-13.0,IT.NET.SECR.P6
BRB,66.0,66.0,0.0,IT.NET.SECR.P6
BRN,89.0,78.0,-11.0,IT.NET.SECR.P6
BTN,134.0,108.0,-26.0,IT.NET.SECR.P6
BWA,108.0,83.0,-25.0,IT.NET.SECR.P6
CAF,204.0,,,IT.NET.SECR.P6
CAN,34.0,46.0,12.0,IT.NET.SECR.P6
CHE,15.0,37.0,22.0,IT.NET.SECR.P6
CHL,42.0,22.0,-20.0,IT.NET.SECR.P6
CHN,83.0,,,IT.NET.SECR.P6
CIV,158.0,125.0,-33.0,IT.NET.SECR.P6
CMR,170.0,133.0,-37.0,IT.NET.SECR.P6
COD,196.0,,,IT.NET.SECR.P6
COG,162.0,,,IT.NET.SECR.P6
COL,88.0,65.0,-23.0,IT.NET.SECR.P6
COM,175.0,138.0,-37.0,IT.NET.SECR.P6
CPV,118.0,101.0,-17.0,IT.NET.SECR.P6
CRI,55.0,25.0,-30.0,IT.NET.SECR.P6
CUB,142.0,113.0,-29.0,IT.NET.SECR.P6
CUW,71.0,,,IT.NET.SECR.P6
CYM,11.0,,,IT.NET.SECR.P6
CYP,27.0,28.0,1.0,IT.NET.SECR.P6
CZE,38.0,47.0,9.0,IT.NET.SECR.P6
DEU,24.0,41.0,17.0,IT.NET.SECR.P6
DJI,167.0,,,IT.NET.SECR.P6
DMA,65.0,,,IT.NET.SECR.P6
DNK,3.0,7.0,4.0,IT.NET.SECR.P6
DOM,120.0,97.0,-23.0,IT.NET.SECR.P6
DZA,130.0,68.0,-62.0,IT.NET.SECR.P6
ECU,116.0,95.0,-21.0,IT.NET.SECR.P6
EGY,138.0,115.0,-23.0,IT.NET.SECR.P6
ERI,202.0,149.0,-53.0,IT.NET.SECR.P6
ESP,23.0,13.0,-10.0,IT.NET.SECR.P6
EST,16.0,17.0,1.0,IT.NET.SECR.P6
ETH,199.0,,,IT.NET.SECR.P6
FIN,4.0,3.0,-1.0,IT.NET.SECR.P6
FJI,110.0,71.0,-39.0,IT.NET.SECR.P6
FRA,33.0,55.0,22.0,IT.NET.SECR.P6
FRO,31.0,,,IT.NET.SECR.P6
FSM,172.0,,,IT.NET.SECR.P6
GAB,126.0,,,IT.NET.SECR.P6
GBR,19.0,29.0,10.0,IT.NET.SECR.P6
GEO,60.0,44.0,-16.0,IT.NET.SECR.P6
GHA,145.0,117.0,-28.0,IT.NET.SECR.P6
GIB,6.0,,,IT.NET.SECR.P6
GIN,173.0,,,IT.NET.SECR.P6
GMB,149.0,,,IT.NET.SECR.P6
GNB,178.0,,,IT.NET.SECR.P6
GNQ,179.0,,,IT.NET.SECR.P6
GRC,18.0,6.0,-12.0,IT.NET.SECR.P6
GRD,81.0,54.0,-27.0,IT.NET.SECR.P6
GRL,79.0,,,IT.NET.SECR.P6
GTM,136.0,123.0,-13.0,IT.NET.SECR.P6
GUM,,,,IT.NET.SECR.P6
GUY,133.0,,,IT.NET.SECR.P6
HKG,1.0,1.0,0.0,IT.NET.SECR.P6
HND,156.0,130.0,-26.0,IT.NET.SECR.P6
HRV,54.0,53.0,-1.0,IT.NET.SECR.P6
HTI,183.0,,,IT.NET.SECR.P6
HUN,56.0,67.0,11.0,IT.NET.SECR.P6
IDN,117.0,96.0,-21.0,IT.NET.SECR.P6
IMN,,,,IT.NET.SECR.P6
IND,147.0,124.0,-23.0,IT.NET.SECR.P6
IRL,22.0,19.0,-3.0,IT.NET.SECR.P6
IRN,95.0,86.0,-9.0,IT.NET.SECR.P6
IRQ,135.0,,,IT.NET.SECR.P6
ISL,14.0,21.0,7.0,IT.NET.SECR.P6
ISR,50.0,49.0,-1.0,IT.NET.SECR.P6
ITA,52.0,52.0,0.0,IT.NET.SECR.P6
JAM,112.0,114.0,2.0,IT.NET.SECR.P6
JOR,128.0,107.0,-21.0,IT.NET.SECR.P6
JPN,32.0,35.0,3.0,IT.NET.SECR.P6
KAZ,76.0,58.0,-18.0,IT.NET.SECR.P6
KEN,164.0,132.0,-32.0,IT.NET.SECR.P6
KGZ,115.0,90.0,-25.0,IT.NET.SECR.P6
KHM,152.0,121.0,-31.0,IT.NET.SECR.P6
KIR,185.0,,,IT.NET.SECR.P6
KNA,26.0,11.0,-15.0,IT.NET.SECR.P6
KOR,20.0,14.0,-6.0,IT.NET.SECR.P6
KWT,68.0,18.0,-50.0,IT.NET.SECR.P6
LAO,169.0,131.0,-38.0,IT.NET.SECR.P6
LBN,127.0,109.0,-18.0,IT.NET.SECR.P6
LBR,194.0,,,IT.NET.SECR.P6
LBY,63.0,,,IT.NET.SECR.P6
LCA,122.0,110.0,-12.0,IT.NET.SECR.P6
LIE,21.0,45.0,24.0,IT.NET.SECR.P6
LKA,129.0,111.0,-18.0,IT.NET.SECR.P6
LSO,159.0,129.0,-30.0,IT.NET.SECR.P6
LTU,37.0,38.0,1.0,IT.NET.SECR.P6
LUX,41.0,62.0,21.0,IT.NET.SECR.P6
LVA,35.0,26.0,-9.0,IT.NET.SECR.P6
MAC,2.0,2.0,0.0,IT.NET.SECR.P6
MAF,,,,IT.NET.SECR.P6
MAR,113.0,84.0,-29.0,IT.NET.SECR.P6
MCO,10.0,24.0,14.0,IT.NET.SECR.P6
MDA,77.0,74.0,-3.0,IT.NET.SECR.P6
MDG,200.0,148.0,-52.0,IT.NET.SECR.P6
MDV,90.0,80.0,-10.0,IT.NET.SECR.P6
MEX,106.0,91.0,-15.0,IT.NET.SECR.P6
MHL,150.0,122.0,-28.0,IT.NET.SECR.P6
MKD,94.0,89.0,-5.0,IT.NET.SECR.P6
MLI,166.0,135.0,-31.0,IT.NET.SECR.P6
MLT,39.0,50.0,11.0,IT.NET.SECR.P6
MMR,151.0,120.0,-31.0,IT.NET.SECR.P6
MNE,58.0,39.0,-19.0,IT.NET.SECR.P6
MNG,102.0,63.0,-39.0,IT.NET.SECR.P6
MNP,,,,IT.NET.SECR.P6
MOZ,191.0,145.0,-46.0,IT.NET.SECR.P6
MRT,176.0,137.0,-39.0,IT.NET.SECR.P6
MUS,78.0,82.0,4.0,IT.NET.SECR.P6
MWI,198.0,147.0,-51.0,IT.NET.SECR.P6
MYS,91.0,79.0,-12.0,IT.NET.SECR.P6
NAM,137.0,116.0,-21.0,IT.NET.SECR.P6
NCL,96.0,,,IT.NET.SECR.P6
NER,203.0,150.0,-53.0,IT.NET.SECR.P6
NGA,160.0,,,IT.NET.SECR.P6
NIC,140.0,,,IT.NET.SECR.P6
NLD,7.0,12.0,5.0,IT.NET.SECR.P6
NOR,12.0,15.0,3.0,IT.NET.SECR.P6
NPL,141.0,119.0,-22.0,IT.NET.SECR.P6
NRU,,,,IT.NET.SECR.P6
NZL,25.0,20.0,-5.0,IT.NET.SECR.P6
OMN,87.0,51.0,-36.0,IT.NET.SECR.P6
PAK,186.0,143.0,-43.0,IT.NET.SECR.P6
PAN,84.0,93.0,9.0,IT.NET.SECR.P6
PER,105.0,70.0,-35.0,IT.NET.SECR.P6
PHL,125.0,100.0,-25.0,IT.NET.SECR.P6
PLW,109.0,,,IT.NET.SECR.P6
PNG,187.0,,,IT.NET.SECR.P6
POL,48.0,36.0,-12.0,IT.NET.SECR.P6
PRI,80.0,56.0,-24.0,IT.NET.SECR.P6
PRK,,,,IT.NET.SECR.P6
PRT,36.0,43.0,7.0,IT.NET.SECR.P6
PRY,111.0,,,IT.NET.SECR.P6
PSE,119.0,99.0,-20.0,IT.NET.SECR.P6
PYF,100.0,,,IT.NET.SECR.P6
QAT,86.0,57.0,-29.0,IT.NET.SECR.P6
ROU,73.0,81.0,8.0,IT.NET.SECR.P6
RUS,46.0,31.0,-15.0,IT.NET.SECR.P6
RWA,180.0,141.0,-39.0,IT.NET.SECR.P6
SAU,53.0,23.0,-30.0,IT.NET.SECR.P6
SDN,188.0,,,IT.NET.SECR.P6
SEN,163.0,127.0,-36.0,IT.NET.SECR.P6
SGP,13.0,10.0,-3.0,IT.NET.SECR.P6
SLB,171.0,,,IT.NET.SECR.P6
SLE,174.0,,,IT.NET.SECR.P6
SLV,123.0,106.0,-17.0,IT.NET.SECR.P6
SMR,69.0,94.0,25.0,IT.NET.SECR.P6
SOM,195.0,,,IT.NET.SECR.P6
SRB,67.0,59.0,-8.0,IT.NET.SECR.P6
SSD,205.0,,,IT.NET.SECR.P6
STP,153.0,126.0,-27.0,IT.NET.SECR.P6
SUR,104.0,104.0,0.0,IT.NET.SECR.P6
SVK,57.0,64.0,7.0,IT.NET.SECR.P6
SVN,30.0,34.0,4.0,IT.NET.SECR.P6
SWE,8.0,8.0,0.0,IT.NET.SECR.P6
SWZ,144.0,,,IT.NET.SECR.P6
SXM,,,,IT.NET.SECR.P6
SYC,61.0,69.0,8.0,IT.NET.SECR.P6
SYR,165.0,,,IT.NET.SECR.P6
TCA,,,,IT.NET.SECR.P6
TCD,201.0,151.0,-50.0,IT.NET.SECR.P6
TGO,177.0,136.0,-41.0,IT.NET.SECR.P6
THA,82.0,60.0,-22.0,IT.NET.SECR.P6
TJK,146.0,105.0,-41.0,IT.NET.SECR.P6
TKM,155.0,,,IT.NET.SECR.P6
TLS,148.0,,,IT.NET.SECR.P6
TON,139.0,,,IT.NET.SECR.P6
TTO,70.0,,,IT.NET.SECR.P6
TUN,107.0,103.0,-4.0,IT.NET.SECR.P6
TUR,51.0,30.0,-21.0,IT.NET.SECR.P6
TUV,114.0,,,IT.NET.SECR.P6
TZA,190.0,144.0,-46.0,IT.NET.SECR.P6
UGA,189.0,,,IT.NET.SECR.P6
UKR,72.0,61.0,-11.0,IT.NET.SECR.P6
URY,45.0,33.0,-12.0,IT.NET.SECR.P6
USA,28.0,42.0,14.0,IT.NET.SECR.P6
UZB,124.0,112.0,-12.0,IT.NET.SECR.P6
VCT,103.0,98.0,-5.0,IT.NET.SECR.P6
VEN,131.0,,,IT.NET.SECR.P6
VGB,75.0,77.0,2.0,IT.NET.SECR.P6
VIR,,,,IT.NET.SECR.P6
VNM,92.0,87.0,-5.0,IT.NET.SECR.P6
VUT,143.0,,,IT.NET.SECR.P6
WSM,154.0,,,IT.NET.SECR.P6
XKX,,,,IT.NET.SECR.P6
YEM,193.0,,,IT.NET.SECR.P6
ZAF,93.0,73.0,-20.0,IT.NET.SECR.P6
ZMB,168.0,,,IT.NET.SECR.P6
ZWE,161.0,,,IT.NET.SECR.P6
ABW,62.0,66.0,4.0,SE.SEC.ENRR
AFG,184.0,186.0,2.0,SE.SEC.ENRR
AGO,181.0,184.0,3.0,SE.SEC.ENRR
ALB,98.0,102.0,4.0,SE.SEC.ENRR
AND,59.0,19.0,-40.0,SE.SEC.ENRR
ARE,17.0,6.0,-11.0,SE.SEC.ENRR
ARG,43.0,69.0,26.0,SE.SEC.ENRR
ARM,99.0,98.0,-1.0,SE.SEC.ENRR
ASM,,,,SE.SEC.ENRR
ATG,49.0,55.0,6.0,SE.SEC.ENRR
AUS,5.0,31.0,26.0,SE.SEC.ENRR
AUT,29.0,33.0,4.0,SE.SEC.ENRR
AZE,101.0,95.0,-6.0,SE.SEC.ENRR
BDI,197.0,196.0,-1.0,SE.SEC.ENRR
BEL,9.0,30.0,21.0,SE.SEC.ENRR
BEN,182.0,178.0,-4.0,SE.SEC.ENRR
BFA,192.0,181.0,-11.0,SE.SEC.ENRR
BGD,157.0,146.0,-11.0,SE.SEC.ENRR
BGR,47.0,56.0,9.0,SE.SEC.ENRR
BHR,64.0,57.0,-7.0,SE.SEC.ENRR
BHS,74.0,80.0,6.0,SE.SEC.ENRR
BIH,97.0,90.0,-7.0,SE.SEC.ENRR
BLR,40.0,51.0,11.0,SE.SEC.ENRR
BLZ,121.0,113.0,-8.0,SE.SEC.ENRR
BMU,44.0,37.0,-7.0,SE.SEC.ENRR
BOL,132.0,132.0,0.0,SE.SEC.ENRR
BRA,85.0,91.0,6.0,SE.SEC.ENRR
BRB,66.0,63.0,-3.0,SE.SEC.ENRR
BRN,89.0,65.0,-24.0,SE.SEC.ENRR
BTN,134.0,127.0,-7.0,SE.SEC.ENRR
BWA,108.0,104.0,-4.0,SE.SEC.ENRR
CAF,204.0,203.0,-1.0,SE.SEC.ENRR
CAN,34.0,34.0,0.0,SE.SEC.ENRR
CHE,15.0,4.0,-11.0,SE.SEC.ENRR
CHL,42.0,59.0,17.0,SE.SEC.ENRR
CHN,83.0,89.0,6.0,SE.SEC.ENRR
CIV,158.0,142.0,-16.0,SE.SEC.ENRR
CMR,170.0,168.0,-2.0,SE.SEC.ENRR
COD,196.0,198.0,2.0,SE.SEC.ENRR
COG,162.0,160.0,-2.0,SE.SEC.ENRR
COL,88.0,94.0,6.0,SE.SEC.ENRR
COM,175.0,179.0,4.0,SE.SEC.ENRR
CPV,118.0,117.0,-1.0,SE.SEC.ENRR
CRI,55.0,62.0,7.0,SE.SEC.ENRR
CUB,142.0,161.0,19.0,SE.SEC.ENRR
CUW,71.0,77.0,6.0,SE.SEC.ENRR
CYM,11.0,14.0,3.0,SE.SEC.ENRR
CYP,27.0,23.0,-4.0,SE.SEC.ENRR
CZE,38.0,29.0,-9.0,SE.SEC.ENRR
DEU,24.0,12.0,-12.0,SE.SEC.ENRR
DJI,167.0,169.0,2.0,SE.SEC.ENRR
DMA,65.0,71.0,6.0,SE.SEC.ENRR
DNK,3.0,3.0,0.0,SE.SEC.ENRR
DOM,120.0,123.0,3.0,SE.SEC.ENRR
DZA,130.0,131.0,1.0,SE.SEC.ENRR
ECU,116.0,121.0,5.0,SE.SEC.ENRR
EGY,138.0,140.0,2.0,SE.SEC.ENRR
ERI,202.0,202.0,0.0,SE.SEC.ENRR
ESP,23.0,43.0,20.0,SE.SEC.ENRR
EST,16.0,10.0,-6.0,SE.SEC.ENRR
ETH,199.0,199.0,0.0,SE.SEC.ENRR
FIN,4.0,22.0,18.0,SE.SEC.ENRR
FJI,110.0,125.0,15.0,SE.SEC.ENRR
FRA,33.0,24.0,-9.0,SE.SEC.ENRR
FRO,31.0,38.0,7.0,SE.SEC.ENRR
FSM,172.0,173.0,1.0,SE.SEC.ENRR
GAB,126.0,128.0,2.0,SE.SEC.ENRR
GBR,19.0,18.0,-1.0,SE.SEC.ENRR
GEO,60.0,68.0,8.0,SE.SEC.ENRR
GHA,145.0,138.0,-7.0,SE.SEC.ENRR
GIB,6.0,8.0,2.0,SE.SEC.ENRR
GIN,173.0,176.0,3.0,SE.SEC.ENRR
GMB,149.0,150.0,1.0,SE.SEC.ENRR
GNB,178.0,182.0,4.0,SE.SEC.ENRR
GNQ,179.0,183.0,4.0,SE.SEC.ENRR
GRC,18.0,52.0,34.0,SE.SEC.ENRR
GRD,81.0,100.0,19.0,SE.SEC.ENRR
GRL,79.0,84.0,5.0,SE.SEC.ENRR
GTM,136.0,134.0,-2.0,SE.SEC.ENRR
GUM,,,,SE.SEC.ENRR
GUY,133.0,133.0,0.0,SE.SEC.ENRR
HKG,1.0,1.0,0.0,SE.SEC.ENRR
HND,156.0,151.0,-5.0,SE.SEC.ENRR
HRV,54.0,61.0,7.0,SE.SEC.ENRR
HTI,183.0,185.0,2.0,SE.SEC.ENRR
HUN,56.0,49.0,-7.0,SE.SEC.ENRR
IDN,117.0,116.0,-1.0,SE.SEC.ENRR
IMN,,,,SE.SEC.ENRR
IND,147.0,155.0,8.0,SE.SEC.ENRR
IRL,22.0,36.0,14.0,SE.SEC.ENRR
IRN,95.0,99.0,4.0,SE.SEC.ENRR
IRQ,135.0,139.0,4.0,SE.SEC.ENRR
ISL,14.0,11.0,-3.0,SE.SEC.ENRR
ISR,50.0,41.0,-9.0,SE.SEC.ENRR
ITA,52.0,50.0,-2.0,SE.SEC.ENRR
JAM,112.0,114.0,2.0,SE.SEC.ENRR
JOR,128.0,129.0,1.0,SE.SEC.ENRR
JPN,32.0,20.0,-12.0,SE.SEC.ENRR
KAZ,76.0,79.0,3.0,SE.SEC.ENRR
KEN,164.0,164.0,0.0,SE.SEC.ENRR
KGZ,115.0,118.0,3.0,SE.SEC.ENRR
KHM,152.0,136.0,-16.0,SE.SEC.ENRR
KIR,185.0,188.0,3.0,SE.SEC.ENRR
KNA,26.0,27.0,1.0,SE.SEC.ENRR
KOR,20.0,21.0,1.0,SE.SEC.ENRR
KWT,68.0,72.0,4.0,SE.SEC.ENRR
LAO,169.0,167.0,-2.0,SE.SEC.ENRR
LBN,127.0,119.0,-8.0,SE.SEC.ENRR
LBR,194.0,194.0,0.0,SE.SEC.ENRR
LBY,63.0,67.0,4.0,SE.SEC.ENRR
LCA,122.0,112.0,-10.0,SE.SEC.ENRR
LIE,21.0,5.0,-16.0,SE.SEC.ENRR
LKA,129.0,126.0,-3.0,SE.SEC.ENRR
LSO,159.0,156.0,-3.0,SE.SEC.ENRR
LTU,37.0,32.0,-5.0,SE.SEC.ENRR
LUX,41.0,9.0,-32.0,SE.SEC.ENRR
LVA,35.0,47.0,12.0,SE.SEC.ENRR
MAC,2.0,2.0,0.0,SE.SEC.ENRR
MAF,,,,SE.SEC.ENRR
MAR,113.0,103.0,-10.0,SE.SEC.ENRR
MCO,10.0,15.0,5.0,SE.SEC.ENRR
MDA,77.0,83.0,6.0,SE.SEC.ENRR
MDG,200.0,195.0,-5.0,SE.SEC.ENRR
MDV,90.0,78.0,-12.0,SE.SEC.ENRR
MEX,106.0,110.0,4.0,SE.SEC.ENRR
MHL,150.0,159.0,9.0,SE.SEC.ENRR
MKD,94.0,85.0,-9.0,SE.SEC.ENRR
MLI,166.0,162.0,-4.0,SE.SEC.ENRR
MLT,39.0,25.0,-14.0,SE.SEC.ENRR
MMR,151.0,152.0,1.0,SE.SEC.ENRR
MNE,58.0,46.0,-12.0,SE.SEC.ENRR
MNG,102.0,105.0,3.0,SE.SEC.ENRR
MNP,,,,SE.SEC.ENRR
MOZ,191.0,191.0,0.0,SE.SEC.ENRR
MRT,176.0,163.0,-13.0,SE.SEC.ENRR
MUS,78.0,76.0,-2.0,SE.SEC.ENRR
MWI,198.0,193.0,-5.0,SE.SEC.ENRR
MYS,91.0,73.0,-18.0,SE.SEC.ENRR
NAM,137.0,135.0,-2.0,SE.SEC.ENRR
NCL,96.0,97.0,1.0,SE.SEC.ENRR
NER,203.0,200.0,-3.0,SE.SEC.ENRR
NGA,160.0,157.0,-3.0,SE.SEC.ENRR
NIC,140.0,143.0,3.0,SE.SEC.ENRR
NLD,7.0,7.0,0.0,SE.SEC.ENRR
NOR,12.0,17.0,5.0,SE.SEC.ENRR
NPL,141.0,137.0,-4.0,SE.SEC.ENRR
NRU,,,,SE.SEC.ENRR
NZL,25.0,26.0,1.0,SE.SEC.ENRR
OMN,87.0,86.0,-1.0,SE.SEC.ENRR
PAK,186.0,174.0,-12.0,SE.SEC.ENRR
PAN,84.0,88.0,4.0,SE.SEC.ENRR
PER,105.0,111.0,6.0,SE.SEC.ENRR
PHL,125.0,124.0,-1.0,SE.SEC.ENRR
PLW,109.0,,,SE.SEC.ENRR
PNG,187.0,189.0,2.0,SE.SEC.ENRR
POL,48.0,54.0,6.0,SE.SEC.ENRR
PRI,80.0,96.0,16.0,SE.SEC.ENRR
PRK,,,,SE.SEC.ENRR
PRT,36.0,45.0,9.0,SE.SEC.ENRR
PRY,111.0,109.0,-2.0,SE.SEC.ENRR
PSE,119.0,122.0,3.0,SE.SEC.ENRR
PYF,100.0,101.0,1.0,SE.SEC.ENRR
QAT,86.0,70.0,-16.0,SE.SEC.ENRR
ROU,73.0,60.0,-13.0,SE.SEC.ENRR
RUS,46.0,44.0,-2.0,SE.SEC.ENRR
RWA,180.0,171.0,-9.0,SE.SEC.ENRR
SAU,53.0,58.0,5.0,SE.SEC.ENRR
SDN,188.0,187.0,-1.0,SE.SEC.ENRR
SEN,163.0,147.0,-16.0,SE.SEC.ENRR
SGP,13.0,13.0,0.0,SE.SEC.ENRR
SLB,171.0,172.0,1.0,SE.SEC.ENRR
SLE,174.0,177.0,3.0,SE.SEC.ENRR
SLV,123.0,107.0,-16.0,SE.SEC.ENRR
SMR,69.0,40.0,-29.0,SE.SEC.ENRR
SOM,195.0,197.0,2.0,SE.SEC.ENRR
SRB,67.0,64.0,-3.0,SE.SEC.ENRR
SSD,205.0,204.0,-1.0,SE.SEC.ENRR
STP,153.0,153.0,0.0,SE.SEC.ENRR
SUR,104.0,93.0,-11.0,SE.SEC.ENRR
SVK,57.0,39.0,-18.0,SE.SEC.ENRR
SVN,30.0,42.0,12.0,SE.SEC.ENRR
SWE,8.0,16.0,8.0,SE.SEC.ENRR
SWZ,144.0,145.0,1.0,SE.SEC.ENRR
SXM,,,,SE.SEC.ENRR
SYC,61.0,35.0,-26.0,SE.SEC.ENRR
SYR,165.0,165.0,0.0,SE.SEC.ENRR
TCA,,,,SE.SEC.ENRR
TCD,201.0,201.0,0.0,SE.SEC.ENRR
TGO,177.0,180.0,3.0,SE.SEC.ENRR
THA,82.0,74.0,-8.0,SE.SEC.ENRR
TJK,146.0,148.0,2.0,SE.SEC.ENRR
TKM,155.0,166.0,11.0,SE.SEC.ENRR
TLS,148.0,149.0,1.0,SE.SEC.ENRR
TON,139.0,141.0,2.0,SE.SEC.ENRR
TTO,70.0,75.0,5.0,SE.SEC.ENRR
TUN,107.0,108.0,1.0,SE.SEC.ENRR
TUR,51.0,92.0,41.0,SE.SEC.ENRR
TUV,114.0,115.0,1.0,SE.SEC.ENRR
TZA,190.0,175.0,-15.0,SE.SEC.ENRR
UGA,189.0,190.0,1.0,SE.SEC.ENRR
UKR,72.0,81.0,9.0,SE.SEC.ENRR
URY,45.0,53.0,8.0,SE.SEC.ENRR
USA,28.0,28.0,0.0,SE.SEC.ENRR
UZB,124.0,120.0,-4.0,SE.SEC.ENRR
VCT,103.0,106.0,3.0,SE.SEC.ENRR
VEN,131.0,130.0,-1.0,SE.SEC.ENRR
VGB,75.0,48.0,-27.0,SE.SEC.ENRR
VIR,,,,SE.SEC.ENRR
VNM,92.0,87.0,-5.0,SE.SEC.ENRR
VUT,143.0,144.0,1.0,SE.SEC.ENRR
WSM,154.0,154.0,0.0,SE.SEC.ENRR
XKX,,,,SE.SEC.ENRR
YEM,193.0,192.0,-1.0,SE.SEC.ENRR
ZAF,93.0,82.0,-11.0,SE.SEC.ENRR
ZMB,168.0,170.0,2.0,SE.SEC.ENRR
ZWE,161.0,158.0,-3.0,SE.SEC.ENRR
ABW,62.0,66.0,4.0,SE.TER.ENRR
AFG,184.0,186.0,2.0,SE.TER.ENRR
AGO,181.0,184.0,3.0,SE.TER.ENRR
ALB,98.0,102.0,4.0,SE.TER.ENRR
AND,59.0,19.0,-40.0,SE.TER.ENRR
ARE,17.0,6.0,-11.0,SE.TER.ENRR
ARG,43.0,69.0,26.0,SE.TER.ENRR
ARM,99.0,98.0,-1.0,SE.TER.ENRR
ASM,,,,SE.TER.ENRR
ATG,49.0,55.0,6.0,SE.TER.ENRR
AUS,5.0,31.0,26.0,SE.TER.ENRR
AUT,29.0,33.0,4.0,SE.TER.ENRR
AZE,101.0,95.0,-6.0,SE.TER.ENRR
BDI,197.0,196.0,-1.0,SE.TER.ENRR
BEL,9.0,30.0,21.0,SE.TER.ENRR
BEN,182.0,178.0,-4.0,SE.TER.ENRR
BFA,192.0,181.0,-11.0,SE.TER.ENRR
BGD,157.0,146.0,-11.0,SE.TER.ENRR
BGR,47.0,56.0,9.0,SE.TER.ENRR
BHR,64.0,57.0,-7.0,SE.TER.ENRR
BHS,74.0,80.0,6.0,SE.TER.ENRR
BIH,97.0,90.0,-7.0,SE.TER.ENRR
BLR,40.0,51.0,11.0,SE.TER.ENRR
BLZ,121.0,113.0,-8.0,SE.TER.ENRR
BMU,44.0,37.0,-7.0,SE.TER.ENRR
BOL,132.0,132.0,0.0,SE.TER.ENRR
BRA,85.0,91.0,6.0,SE.TER.ENRR
BRB,66.0,63.0,-3.0,SE.TER.ENRR
BRN,89.0,65.0,-24.0,SE.TER.ENRR
BTN,134.0,127.0,-7.0,SE.TER.ENRR
BWA,108.0,104.0,-4.0,SE.TER.ENRR
CAF,204.0,203.0,-1.0,SE.TER.ENRR
CAN,34.0,34.0,0.0,SE.TER.ENRR
CHE,15.0,4.0,-11.0,SE.TER.ENRR
CHL,42.0,59.0,17.0,SE.TER.ENRR
CHN,83.0,89.0,6.0,SE.TER.ENRR
CIV,158.0,142.0,-16.0,SE.TER.ENRR
CMR,170.0,168.0,-2.0,SE.TER.ENRR
COD,196.0,198.0,2.0,SE.TER.ENRR
COG,162.0,160.0,-2.0,SE.TER.ENRR
COL,88.0,94.0,6.0,SE.TER.ENRR
COM,175.0,179.0,4.0,SE.TER.ENRR
CPV,118.0,117.0,-1.0,SE.TER.ENRR
CRI,55.0,62.0,7.0,SE.TER.ENRR
CUB,142.0,161.0,19.0,SE.TER.ENRR
CUW,71.0,77.0,6.0,SE.TER.ENRR
CYM,11.0,14.0,3.0,SE.TER.ENRR
CYP,27.0,23.0,-4.0,SE.TER.ENRR
CZE,38.0,29.0,-9.0,SE.TER.ENRR
DEU,24.0,12.0,-12.0,SE.TER.ENRR
DJI,167.0,169.0,2.0,SE.TER.ENRR
DMA,65.0,71.0,6.0,SE.TER.ENRR
DNK,3.0,3.0,0.0,SE.TER.ENRR
DOM,120.0,123.0,3.0,SE.TER.ENRR
DZA,130.0,131.0,1.0,SE.TER.ENRR
ECU,116.0,121.0,5.0,SE.TER.ENRR
EGY,138.0,140.0,2.0,SE.TER.ENRR
ERI,202.0,202.0,0.0,SE.TER.ENRR
ESP,23.0,43.0,20.0,SE.TER.ENRR
EST,16.0,10.0,-6.0,SE.TER.ENRR
ETH,199.0,199.0,0.0,SE.TER.ENRR
FIN,4.0,22.0,18.0,SE.TER.ENRR
FJI,110.0,125.0,15.0,SE.TER.ENRR
FRA,33.0,24.0,-9.0,SE.TER.ENRR
FRO,31.0,38.0,7.0,SE.TER.ENRR
FSM,172.0,173.0,1.0,SE.TER.ENRR
GAB,126.0,128.0,2.0,SE.TER.ENRR
GBR,19.0,18.0,-1.0,SE.TER.ENRR
GEO,60.0,68.0,8.0,SE.TER.ENRR
GHA,145.0,138.0,-7.0,SE.TER.ENRR
GIB,6.0,8.0,2.0,SE.TER.ENRR
GIN,173.0,176.0,3.0,SE.TER.ENRR
GMB,149.0,150.0,1.0,SE.TER.ENRR
GNB,178.0,182.0,4.0,SE.TER.ENRR
GNQ,179.0,183.0,4.0,SE.TER.ENRR
GRC,18.0,52.0,34.0,SE.TER.ENRR
GRD,81.0,100.0,19.0,SE.TER.ENRR
GRL,79.0,84.0,5.0,SE.TER.ENRR
GTM,136.0,134.0,-2.0,SE.TER.ENRR
GUM,,,,SE.TER.ENRR
GUY,133.0,133.0,0.0,SE.TER.ENRR
HKG,1.0,1.0,0.0,SE.TER.ENRR
HND,156.0,151.0,-5.0,SE.TER.ENRR
HRV,54.0,61.0,7.0,SE.TER.ENRR
HTI,183.0,185.0,2.0,SE.TER.ENRR
HUN,56.0,49.0,-7.0,SE.TER.ENRR
IDN,117.0,116.0,-1.0,SE.TER.ENRR
IMN,,,,SE.TER.ENRR
IND,147.0,155.0,8.0,SE.TER.ENRR
IRL,22.0,36.0,14.0,SE.TER.ENRR
IRN,95.0,99.0,4.0,SE.TER.ENRR
IRQ,135.0,139.0,4.0,SE.TER.ENRR
ISL,14.0,11.0,-3.0,SE.TER.ENRR
ISR,50.0,41.0,-9.0,SE.TER.ENRR
ITA,52.0,50.0,-2.0,SE.TER.ENRR
JAM,112.0,114.0,2.0,SE.TER.ENRR
JOR,128.0,129.0,1.0,SE.TER.ENRR
JPN,32.0,20.0,-12.0,SE.TER.ENRR
KAZ,76.0,79.0,3.0,SE.TER.ENRR
KEN,164.0,164.0,0.0,SE.TER.ENRR
KGZ,115.0,118.0,3.0,SE.TER.ENRR
KHM,152.0,136.0,-16.0,SE.TER.ENRR
KIR,185.0,188.0,3.0,SE.TER.ENRR
KNA,26.0,27.0,1.0,SE.TER.ENRR
KOR,20.0,21.0,1.0,SE.TER.ENRR
KWT,68.0,72.0,4.0,SE.TER.ENRR
LAO,169.0,167.0,-2.0,SE.TER.ENRR
LBN,127.0,119.0,-8.0,SE.TER.ENRR
LBR,194.0,194.0,0.0,SE.TER.ENRR
LBY,63.0,67.0,4.0,SE.TER.ENRR
LCA,122.0,112.0,-10.0,SE.TER.ENRR
LIE,21.0,5.0,-16.0,SE.TER.ENRR
LKA,129.0,126.0,-3.0,SE.TER.ENRR
LSO,159.0,156.0,-3.0,SE.TER.ENRR
LTU,37.0,32.0,-5.0,SE.TER.ENRR
LUX,41.0,9.0,-32.0,SE.TER.ENRR
LVA,35.0,47.0,12.0,SE.TER.ENRR
MAC,2.0,2.0,0.0,SE.TER.ENRR
MAF,,,,SE.TER.ENRR
MAR,113.0,103.0,-10.0,SE.TER.ENRR
MCO,10.0,15.0,5.0,SE.TER.ENRR
MDA,77.0,83.0,6.0,SE.TER.ENRR
MDG,200.0,195.0,-5.0,SE.TER.ENRR
MDV,90.0,78.0,-12.0,SE.TER.ENRR
MEX,106.0,110.0,4.0,SE.TER.ENRR
MHL,150.0,159.0,9.0,SE.TER.ENRR
MKD,94.0,85.0,-9.0,SE.TER.ENRR
MLI,166.0,162.0,-4.0,SE.TER.ENRR
MLT,39.0,25.0,-14.0,SE.TER.ENRR
MMR,151.0,152.0,1.0,SE.TER.ENRR
MNE,58.0,46.0,-12.0,SE.TER.ENRR
MNG,102.0,105.0,3.0,SE.TER.ENRR
MNP,,,,SE.TER.ENRR
MOZ,191.0,191.0,0.0,SE.TER.ENRR
MRT,176.0,163.0,-13.0,SE.TER.ENRR
MUS,78.0,76.0,-2.0,SE.TER.ENRR
MWI,198.0,193.0,-5.0,SE.TER.ENRR
MYS,91.0,73.0,-18.0,SE.TER.ENRR
NAM,137.0,135.0,-2.0,SE.TER.ENRR
NCL,96.0,97.0,1.0,SE.TER.ENRR
NER,203.0,200.0,-3.0,SE.TER.ENRR
NGA,160.0,157.0,-3.0,SE.TER.ENRR
NIC,140.0,143.0,3.0,SE.TER.ENRR
NLD,7.0,7.0,0.0,SE.TER.ENRR
NOR,12.0,17.0,5.0,SE.TER.ENRR
NPL,141.0,137.0,-4.0,SE.TER.ENRR
NRU,,,,SE.TER.ENRR
NZL,25.0,26.0,1.0,SE.TER.ENRR
OMN,87.0,86.0,-1.0,SE.TER.ENRR
PAK,186.0,174.0,-12.0,SE.TER.ENRR
PAN,84.0,88.0,4.0,SE.TER.ENRR
PER,105.0,111.0,6.0,SE.TER.ENRR
PHL,125.0,124.0,-1.0,SE.TER.ENRR
PLW,109.0,,,SE.TER.ENRR
PNG,187.0,189.0,2.0,SE.TER.ENRR
POL,48.0,54.0,6.0,SE.TER.ENRR
PRI,80.0,96.0,16.0,SE.TER.ENRR
PRK,,,,SE.TER.ENRR
PRT,36.0,45.0,9.0,SE.TER.ENRR
PRY,111.0,109.0,-2.0,SE.TER.ENRR
PSE,119.0,122.0,3.0,SE.TER.ENRR
PYF,100.0,101.0,1.0,SE.TER.ENRR
QAT,86.0,70.0,-16.0,SE.TER.ENRR
ROU,73.0,60.0,-13.0,SE.TER.ENRR
RUS,46.0,44.0,-2.0,SE.TER.ENRR
RWA,180.0,171.0,-9.0,SE.TER.ENRR
SAU,53.0,58.0,5.0,SE.TER.ENRR
SDN,188.0,187.0,-1.0,SE.TER.ENRR
SEN,163.0,147.0,-16.0,SE.TER.ENRR
SGP,13.0,13.0,0.0,SE.TER.ENRR
SLB,171.0,172.0,1.0,SE.TER.ENRR
SLE,174.0,177.0,3.0,SE.TER.ENRR
SLV,123.0,107.0,-16.0,SE.TER.ENRR
SMR,69.0,40.0,-29.0,SE.TER.ENRR
SOM,195.0,197.0,2.0,SE.TER.ENRR
SRB,67.0,64.0,-3.0,SE.TER.ENRR
SSD,205.0,204.0,-1.0,SE.TER.ENRR
STP,153.0,153.0,0.0,SE.TER.ENRR
SUR,104.0,93.0,-11.0,SE.TER.ENRR
SVK,57.0,39.0,-18.0,SE.TER.ENRR
SVN,30.0,42.0,12.0,SE.TER.ENRR
SWE,8.0,16.0,8.0,SE.TER.ENRR
SWZ,144.0,145.0,1.0,SE.TER.ENRR
SXM,,,,SE.TER.ENRR
SYC,61.0,35.0,-26.0,SE.TER.ENRR
SYR,165.0,165.0,0.0,SE.TER.ENRR
TCA,,,,SE.TER.ENRR
TCD,201.0,201.0,0.0,SE.TER.ENRR
TGO,177.0,180.0,3.0,SE.TER.ENRR
THA,82.0,74.0,-8.0,SE.TER.ENRR
TJK,146.0,148.0,2.0,SE.TER.ENRR
TKM,155.0,166.0,11.0,SE.TER.ENRR
TLS,148.0,149.0,1.0,SE.TER.ENRR
TON,139.0,141.0,2.0,SE.TER.ENRR
TTO,70.0,75.0,5.0,SE.TER.ENRR
TUN,107.0,108.0,1.0,SE.TER.ENRR
TUR,51.0,92.0,41.0,SE.TER.ENRR
TUV,114.0,115.0,1.0,SE.TER.ENRR
TZA,190.0,175.0,-15.0,SE.TER.ENRR
UGA,189.0,190.0,1.0,SE.TER.ENRR
UKR,72.0,81.0,9.0,SE.TER.ENRR
URY,45.0,53.0,8.0,SE.TER.ENRR
USA,28.0,28.0,0.0,SE.TER.ENRR
UZB,124.0,120.0,-4.0,SE.TER.ENRR
VCT,103.0,106.0,3.0,SE.TER.ENRR
VEN,131.0,130.0,-1.0,SE.TER.ENRR
VGB,75.0,48.0,-27.0,SE.TER.ENRR
VIR,,,,SE.TER.ENRR
VNM,92.0,87.0,-5.0,SE.TER.ENRR
VUT,143.0,144.0,1.0,SE.TER.ENRR
WSM,154.0,154.0,0.0,SE.TER.ENRR
XKX,,,,SE.TER.ENRR
YEM,193.0,192.0,-1.0,SE.TER.ENRR
ZAF,93.0,82.0,-11.0,SE.TER.ENRR
ZMB,168.0,170.0,2.0,SE.TER.ENRR
ZWE,161.0,158.0,-3.0,SE.TER.ENRR
