year,method,var1,var2,n_pairs,corr
2015,pearson,IT.CEL.SETS.P2_z,IT.NET.BBND.P2_z,201,0.40191787318702643
2015,pearson,IT.CEL.SETS.P2_z,IT.NET.SECR.P6_z,204,0.5380124663578368
2015,pearson,IT.CEL.SETS.P2_z,SE.SEC.ENRR_z,154,0.5250914723000725
2015,pearson,IT.CEL.SETS.P2_z,SE.TER.ENRR_z,145,0.4281501990908547
2015,pearson,IT.CEL.SETS.P2_z,dii_core_z,206,0.7081839326802755
2015,pearson,IT.CEL.SETS.P2_z,pillar_access_adoption,207,0.8972500567178083
2015,pearson,IT.CEL.SETS.P2_z,pillar_human_capital,168,0.5165976202755966
2015,pearson,IT.CEL.SETS.P2_z,pillar_infra_capacity,205,0.48388097907560484
2015,pearson,IT.NET.BBND.P2_z,IT.NET.SECR.P6_z,201,0.8726451787573122
2015,pearson,IT.NET.BBND.P2_z,SE.SEC.ENRR_z,151,0.6979110376036927
2015,pearson,IT.NET.BBND.P2_z,SE.TER.ENRR_z,143,0.6706793496229261
2015,pearson,IT.NET.BBND.P2_z,dii_core_z,202,0.8622970304541392
2015,pearson,IT.NET.BBND.P2_z,pillar_access_adoption,202,0.6893789200563714
2015,pearson,IT.NET.BBND.P2_z,pillar_human_capital,165,0.7140597535709005
2015,pearson,IT.NET.BBND.P2_z,pillar_infra_capacity,202,0.9692619243948759
2015,pearson,IT.NET.SECR.P6_z,SE.SEC.ENRR_z,153,0.7977946045926442
2015,pearson,IT.NET.SECR.P6_z,SE.TER.ENRR_z,146,0.6544277183469221
2015,pearson,IT.NET.SECR.P6_z,dii_core_z,208,0.9198502343100857
2015,pearson,IT.NET.SECR.P6_z,pillar_access_adoption,206,0.7983900348073761
2015,pearson,IT.NET.SECR.P6_z,pillar_human_capital,168,0.7680855737044066
2015,pearson,IT.NET.SECR.P6_z,pillar_infra_capacity,212,0.9662860199769921
2015,pearson,IT.NET.USER.ZS_z,IT.CEL.SETS.P2_z,198,0.5959217068546299
2015,pearson,IT.NET.USER.ZS_z,IT.NET.BBND.P2_z,195,0.8626028629772347
2015,pearson,IT.NET.USER.ZS_z,IT.NET.SECR.P6_z,199,0.90861614409714
2015,pearson,IT.NET.USER.ZS_z,SE.SEC.ENRR_z,151,0.8034116997341405
2015,pearson,IT.NET.USER.ZS_z,SE.TER.ENRR_z,142,0.6872732272552917
2015,pearson,IT.NET.USER.ZS_z,dii_core_z,200,0.9411298174894269
2015,pearson,IT.NET.USER.ZS_z,pillar_access_adoption,200,0.8947596561636437
2015,pearson,IT.NET.USER.ZS_z,pillar_human_capital,165,0.7836327843920338
2015,pearson,IT.NET.USER.ZS_z,pillar_infra_capacity,200,0.9125230903700218
2015,pearson,SE.SEC.ENRR_z,SE.TER.ENRR_z,132,0.7537833179862242
2015,pearson,SE.SEC.ENRR_z,dii_core_z,155,0.8960039614639322
2015,pearson,SE.SEC.ENRR_z,pillar_access_adoption,154,0.7329303920263711
2015,pearson,SE.SEC.ENRR_z,pillar_human_capital,155,0.9534402598006122
2015,pearson,SE.SEC.ENRR_z,pillar_infra_capacity,154,0.7752220351062928
2015,pearson,SE.TER.ENRR_z,dii_core_z,147,0.8278736728487164
2015,pearson,SE.TER.ENRR_z,pillar_access_adoption,145,0.6288657133714225
2015,pearson,SE.TER.ENRR_z,pillar_human_capital,147,0.9357352366164625
2015,pearson,SE.TER.ENRR_z,pillar_infra_capacity,146,0.6788386853343686
2015,pearson,pillar_access_adoption,dii_core_z,208,0.9153810370032648
2015,pearson,pillar_access_adoption,pillar_human_capital,168,0.7230482651280463
2015,pearson,pillar_access_adoption,pillar_infra_capacity,207,0.7687929013253708
2015,pearson,pillar_human_capital,dii_core_z,170,0.9135822019722706
2015,pearson,pillar_infra_capacity,dii_core_z,209,0.9206487344747033
2015,pearson,pillar_infra_capacity,pillar_human_capital,169,0.7651215611591482
2015,spearman,IT.CEL.SETS.P2_z,IT.NET.BBND.P2_z,201,0.5275247524752475
2015,spearman,IT.CEL.SETS.P2_z,IT.NET.SECR.P6_z,204,0.5679628273045381
2015,spearman,IT.CEL.SETS.P2_z,SE.SEC.ENRR_z,154,0.5629594946482993
2015,spearman,IT.CEL.SETS.P2_z,SE.TER.ENRR_z,145,0.4522791686348606
2015,spearman,IT.CEL.SETS.P2_z,dii_core_z,206,0.7046388479925323
2015,spearman,IT.CEL.SETS.P2_z,pillar_access_adoption,207,0.8708911041118724
2015,spearman,IT.CEL.SETS.P2_z,pillar_human_capital,168,0.5232839477427226
2015,spearman,IT.CEL.SETS.P2_z,pillar_infra_capacity,205,0.565261662325361
2015,spearman,IT.NET.BBND.P2_z,IT.NET.SECR.P6_z,201,0.9126588269022445
2015,spearman,IT.NET.BBND.P2_z,SE.SEC.ENRR_z,151,0.8011362844196585
2015,spearman,IT.NET.BBND.P2_z,SE.TER.ENRR_z,143,0.749503430841459
2015,spearman,IT.NET.BBND.P2_z,dii_core_z,202,0.9303997012450307
2015,spearman,IT.NET.BBND.P2_z,pillar_access_adoption,202,0.803615197193567
2015,spearman,IT.NET.BBND.P2_z,pillar_human_capital,165,0.8112280608019664
2015,spearman,IT.NET.BBND.P2_z,pillar_infra_capacity,202,0.9696920945678863
2015,spearman,IT.NET.SECR.P6_z,SE.SEC.ENRR_z,153,0.7830143398391264
2015,spearman,IT.NET.SECR.P6_z,SE.TER.ENRR_z,146,0.6754166947837237
2015,spearman,IT.NET.SECR.P6_z,dii_core_z,208,0.922264446835211
2015,spearman,IT.NET.SECR.P6_z,pillar_access_adoption,206,0.821728087295668
2015,spearman,IT.NET.SECR.P6_z,pillar_human_capital,168,0.760861683772306
2015,spearman,IT.NET.SECR.P6_z,pillar_infra_capacity,212,0.9781543975055673
2015,spearman,IT.NET.USER.ZS_z,IT.CEL.SETS.P2_z,198,0.6054480320550163
2015,spearman,IT.NET.USER.ZS_z,IT.NET.BBND.P2_z,195,0.9161471219554626
2015,spearman,IT.NET.USER.ZS_z,IT.NET.SECR.P6_z,199,0.9103515540247056
2015,spearman,IT.NET.USER.ZS_z,SE.SEC.ENRR_z,151,0.7743453941667232
2015,spearman,IT.NET.USER.ZS_z,SE.TER.ENRR_z,142,0.6807986739062556
2015,spearman,IT.NET.USER.ZS_z,dii_core_z,200,0.9399417609364775
2015,spearman,IT.NET.USER.ZS_z,pillar_access_adoption,200,0.9108184782482042
2015,spearman,IT.NET.USER.ZS_z,pillar_human_capital,165,0.7588608431882964
2015,spearman,IT.NET.USER.ZS_z,pillar_infra_capacity,200,0.9290822190862712
2015,spearman,SE.SEC.ENRR_z,SE.TER.ENRR_z,132,0.7610525272236802
2015,spearman,SE.SEC.ENRR_z,dii_core_z,155,0.8856498340369308
2015,spearman,SE.SEC.ENRR_z,pillar_access_adoption,154,0.7588144935393513
2015,spearman,SE.SEC.ENRR_z,pillar_human_capital,155,0.9235023041474655
2015,spearman,SE.SEC.ENRR_z,pillar_infra_capacity,154,0.8104602544830249
2015,spearman,SE.TER.ENRR_z,dii_core_z,147,0.8399761237334623
2015,spearman,SE.TER.ENRR_z,pillar_access_adoption,145,0.6577350023618327
2015,spearman,SE.TER.ENRR_z,pillar_human_capital,147,0.9587983286613423
2015,spearman,SE.TER.ENRR_z,pillar_infra_capacity,146,0.7203975591181206
2015,spearman,pillar_access_adoption,dii_core_z,208,0.9212379916041242
2015,spearman,pillar_access_adoption,pillar_human_capital,168,0.7278131817514591
2015,spearman,pillar_access_adoption,pillar_infra_capacity,207,0.8316489160199586
2015,spearman,pillar_human_capital,dii_core_z,170,0.9033909172513602
2015,spearman,pillar_infra_capacity,dii_core_z,209,0.9464127977285873
2015,spearman,pillar_infra_capacity,pillar_human_capital,169,0.801484262343991
2016,pearson,IT.CEL.SETS.P2_z,IT.NET.BBND.P2_z,195,0.4256278302497109
2016,pearson,IT.CEL.SETS.P2_z,IT.NET.SECR.P6_z,201,0.558039996350915
2016,pearson,IT.CEL.SETS.P2_z,SE.SEC.ENRR_z,144,0.5224684576672182
2016,pearson,IT.CEL.SETS.P2_z,SE.TER.ENRR_z,132,0.4242601624383777
2016,pearson,IT.CEL.SETS.P2_z,dii_core_z,202,0.7187493120868647
2016,pearson,IT.CEL.SETS.P2_z,pillar_access_adoption,202,0.9000151134773483
2016,pearson,IT.CEL.SETS.P2_z,pillar_human_capital,160,0.5389101227575191
2016,pearson,IT.CEL.SETS.P2_z,pillar_infra_capacity,202,0.5144834025121664
2016,pearson,IT.NET.BBND.P2_z,IT.NET.SECR.P6_z,195,0.8582409673912157
2016,pearson,IT.NET.BBND.P2_z,SE.SEC.ENRR_z,141,0.7331134747811421
2016,pearson,IT.NET.BBND.P2_z,SE.TER.ENRR_z,132,0.6582334622733879
2016,pearson,IT.NET.BBND.P2_z,dii_core_z,196,0.8713022223113921
2016,pearson,IT.NET.BBND.P2_z,pillar_access_adoption,196,0.7040188555878125
2016,pearson,IT.NET.BBND.P2_z,pillar_human_capital,157,0.7483233966191813
2016,pearson,IT.NET.BBND.P2_z,pillar_infra_capacity,196,0.964687309389365
2016,pearson,IT.NET.SECR.P6_z,SE.SEC.ENRR_z,145,0.8114590273834787
2016,pearson,IT.NET.SECR.P6_z,SE.TER.ENRR_z,135,0.6663251883000129
2016,pearson,IT.NET.SECR.P6_z,dii_core_z,207,0.9275132457212298
2016,pearson,IT.NET.SECR.P6_z,pillar_access_adoption,206,0.8014592603785853
2016,pearson,IT.NET.SECR.P6_z,pillar_human_capital,162,0.8037797683518888
2016,pearson,IT.NET.SECR.P6_z,pillar_infra_capacity,214,0.9654223439789804
2016,pearson,IT.NET.USER.ZS_z,IT.CEL.SETS.P2_z,198,0.6117834085206555
2016,pearson,IT.NET.USER.ZS_z,IT.NET.BBND.P2_z,194,0.850889558183571
2016,pearson,IT.NET.USER.ZS_z,IT.NET.SECR.P6_z,202,0.8844130366631193
2016,pearson,IT.NET.USER.ZS_z,SE.SEC.ENRR_z,144,0.8114253952532926
2016,pearson,IT.NET.USER.ZS_z,SE.TER.ENRR_z,134,0.6611177803233186
2016,pearson,IT.NET.USER.ZS_z,dii_core_z,203,0.9385613943448372
2016,pearson,IT.NET.USER.ZS_z,pillar_access_adoption,203,0.9000857828611645
2016,pearson,IT.NET.USER.ZS_z,pillar_human_capital,161,0.7930252465286031
2016,pearson,IT.NET.USER.ZS_z,pillar_infra_capacity,203,0.8983633350001403
2016,pearson,SE.SEC.ENRR_z,SE.TER.ENRR_z,118,0.6951771999029794
2016,pearson,SE.SEC.ENRR_z,dii_core_z,146,0.9082670453553596
2016,pearson,SE.SEC.ENRR_z,pillar_access_adoption,145,0.7561012270249909
2016,pearson,SE.SEC.ENRR_z,pillar_human_capital,146,0.9460605678243929
2016,pearson,SE.SEC.ENRR_z,pillar_infra_capacity,146,0.8011710043884465
2016,pearson,SE.TER.ENRR_z,dii_core_z,135,0.818197491920546
2016,pearson,SE.TER.ENRR_z,pillar_access_adoption,134,0.6091791164838408
2016,pearson,SE.TER.ENRR_z,pillar_human_capital,135,0.9295382292712566
2016,pearson,SE.TER.ENRR_z,pillar_infra_capacity,135,0.6839176907885007
2016,pearson,pillar_access_adoption,dii_core_z,207,0.9194332597269953
2016,pearson,pillar_access_adoption,pillar_human_capital,162,0.7414430860923121
2016,pearson,pillar_access_adoption,pillar_infra_capacity,207,0.784083190312934
2016,pearson,pillar_human_capital,dii_core_z,163,0.9269087964079337
2016,pearson,pillar_infra_capacity,dii_core_z,208,0.9337344155773964
2016,pearson,pillar_infra_capacity,pillar_human_capital,163,0.8027923994207605
2016,spearman,IT.CEL.SETS.P2_z,IT.NET.BBND.P2_z,195,0.5635711858097718
2016,spearman,IT.CEL.SETS.P2_z,IT.NET.SECR.P6_z,201,0.6035224632490672
2016,spearman,IT.CEL.SETS.P2_z,SE.SEC.ENRR_z,144,0.5653846153846154
2016,spearman,IT.CEL.SETS.P2_z,SE.TER.ENRR_z,132,0.43116987472150176
2016,spearman,IT.CEL.SETS.P2_z,dii_core_z,202,0.7141503136417604
2016,spearman,IT.CEL.SETS.P2_z,pillar_access_adoption,202,0.8648162882606913
2016,spearman,IT.CEL.SETS.P2_z,pillar_human_capital,160,0.5449519512480956
2016,spearman,IT.CEL.SETS.P2_z,pillar_infra_capacity,202,0.5935447379014793
2016,spearman,IT.NET.BBND.P2_z,IT.NET.SECR.P6_z,195,0.9078233989868745
2016,spearman,IT.NET.BBND.P2_z,SE.SEC.ENRR_z,141,0.8288882229547497
2016,spearman,IT.NET.BBND.P2_z,SE.TER.ENRR_z,132,0.7321826425884279
2016,spearman,IT.NET.BBND.P2_z,dii_core_z,196,0.9375722174851979
2016,spearman,IT.NET.BBND.P2_z,pillar_access_adoption,196,0.8264421582768211
2016,spearman,IT.NET.BBND.P2_z,pillar_human_capital,157,0.8368322800315061
2016,spearman,IT.NET.BBND.P2_z,pillar_infra_capacity,196,0.9676880045262931
2016,spearman,IT.NET.SECR.P6_z,SE.SEC.ENRR_z,145,0.8184813415210203
2016,spearman,IT.NET.SECR.P6_z,SE.TER.ENRR_z,135,0.6834113745000489
2016,spearman,IT.NET.SECR.P6_z,dii_core_z,207,0.932089885679491
2016,spearman,IT.NET.SECR.P6_z,pillar_access_adoption,206,0.8344204904201744
2016,spearman,IT.NET.SECR.P6_z,pillar_human_capital,162,0.8001075419053545
2016,spearman,IT.NET.SECR.P6_z,pillar_infra_capacity,214,0.9777136561598078
2016,spearman,IT.NET.USER.ZS_z,IT.CEL.SETS.P2_z,198,0.6199728375353413
2016,spearman,IT.NET.USER.ZS_z,IT.NET.BBND.P2_z,194,0.9074805843061599
2016,spearman,IT.NET.USER.ZS_z,IT.NET.SECR.P6_z,202,0.8867306447782891
2016,spearman,IT.NET.USER.ZS_z,SE.SEC.ENRR_z,144,0.7903058241030025
2016,spearman,IT.NET.USER.ZS_z,SE.TER.ENRR_z,134,0.6404651435373794
2016,spearman,IT.NET.USER.ZS_z,dii_core_z,203,0.9353042098643825
2016,spearman,IT.NET.USER.ZS_z,pillar_access_adoption,203,0.9163435427587354
2016,spearman,IT.NET.USER.ZS_z,pillar_human_capital,161,0.7612257896628953
2016,spearman,IT.NET.USER.ZS_z,pillar_infra_capacity,203,0.9135806719552193
2016,spearman,SE.SEC.ENRR_z,SE.TER.ENRR_z,118,0.7059590459391057
2016,spearman,SE.SEC.ENRR_z,dii_core_z,146,0.9052297725892435
2016,spearman,SE.SEC.ENRR_z,pillar_access_adoption,145,0.7753621476932766
2016,spearman,SE.SEC.ENRR_z,pillar_human_capital,146,0.9161809645917888
2016,spearman,SE.SEC.ENRR_z,pillar_infra_capacity,146,0.8415856092082558
2016,spearman,SE.TER.ENRR_z,dii_core_z,135,0.8342015413130428
2016,spearman,SE.TER.ENRR_z,pillar_access_adoption,134,0.6119901744410778
2016,spearman,SE.TER.ENRR_z,pillar_human_capital,135,0.9550092673885476
2016,spearman,SE.TER.ENRR_z,pillar_infra_capacity,135,0.7177153448444055
2016,spearman,pillar_access_adoption,dii_core_z,207,0.9240970440843805
2016,spearman,pillar_access_adoption,pillar_human_capital,162,0.7313512880330699
2016,spearman,pillar_access_adoption,pillar_infra_capacity,207,0.8467207303741705
2016,spearman,pillar_human_capital,dii_core_z,163,0.9172915246534878
2016,spearman,pillar_infra_capacity,dii_core_z,208,0.9535386428979106
2016,spearman,pillar_infra_capacity,pillar_human_capital,163,0.8303489783364091
2017,pearson,IT.CEL.SETS.P2_z,IT.NET.BBND.P2_z,196,0.44175377651195036
2017,pearson,IT.CEL.SETS.P2_z,IT.NET.SECR.P6_z,202,0.5687457044125427
2017,pearson,IT.CEL.SETS.P2_z,SE.SEC.ENRR_z,139,0.4967204062685032
2017,pearson,IT.CEL.SETS.P2_z,SE.TER.ENRR_z,134,0.36558061254720214
2017,pearson,IT.CEL.SETS.P2_z,dii_core_z,203,0.7208564870392816
2017,pearson,IT.CEL.SETS.P2_z,pillar_access_adoption,203,0.8993965254935494
2017,pearson,IT.CEL.SETS.P2_z,pillar_human_capital,156,0.49918304227906346
2017,pearson,IT.CEL.SETS.P2_z,pillar_infra_capacity,203,0.540156045926907
2017,pearson,IT.NET.BBND.P2_z,IT.NET.SECR.P6_z,196,0.8044962266255116
2017,pearson,IT.NET.BBND.P2_z,SE.SEC.ENRR_z,137,0.730697224611322
2017,pearson,IT.NET.BBND.P2_z,SE.TER.ENRR_z,132,0.6635671213264577
2017,pearson,IT.NET.BBND.P2_z,dii_core_z,197,0.8649426458784898
2017,pearson,IT.NET.BBND.P2_z,pillar_access_adoption,197,0.6909173179617177
2017,pearson,IT.NET.BBND.P2_z,pillar_human_capital,153,0.7258884517614529
2017,pearson,IT.NET.BBND.P2_z,pillar_infra_capacity,197,0.9494282250143958
2017,pearson,IT.NET.SECR.P6_z,SE.SEC.ENRR_z,140,0.8069503749152585
2017,pearson,IT.NET.SECR.P6_z,SE.TER.ENRR_z,136,0.6676082843656214
2017,pearson,IT.NET.SECR.P6_z,dii_core_z,209,0.9104711152538495
2017,pearson,IT.NET.SECR.P6_z,pillar_access_adoption,207,0.7810566377494329
2017,pearson,IT.NET.SECR.P6_z,pillar_human_capital,158,0.7799003739248934
2017,pearson,IT.NET.SECR.P6_z,pillar_infra_capacity,214,0.9532701716719681
2017,pearson,IT.NET.USER.ZS_z,IT.CEL.SETS.P2_z,199,0.59716076001429
2017,pearson,IT.NET.USER.ZS_z,IT.NET.BBND.P2_z,195,0.8072282258538521
2017,pearson,IT.NET.USER.ZS_z,IT.NET.SECR.P6_z,203,0.8318299587602391
2017,pearson,IT.NET.USER.ZS_z,SE.SEC.ENRR_z,138,0.8264915976569952
2017,pearson,IT.NET.USER.ZS_z,SE.TER.ENRR_z,134,0.6609144472506618
2017,pearson,IT.NET.USER.ZS_z,dii_core_z,204,0.9227362737540111
2017,pearson,IT.NET.USER.ZS_z,pillar_access_adoption,205,0.8951854117956209
2017,pearson,IT.NET.USER.ZS_z,pillar_human_capital,155,0.7902610405879833
2017,pearson,IT.NET.USER.ZS_z,pillar_infra_capacity,204,0.8598676980325579
2017,pearson,SE.SEC.ENRR_z,SE.TER.ENRR_z,118,0.7292508279628821
2017,pearson,SE.SEC.ENRR_z,dii_core_z,140,0.9132650247657068
2017,pearson,SE.SEC.ENRR_z,pillar_access_adoption,139,0.7494171079091255
2017,pearson,SE.SEC.ENRR_z,pillar_human_capital,140,0.9501596888608892
2017,pearson,SE.SEC.ENRR_z,pillar_infra_capacity,140,0.8135773890478689
2017,pearson,SE.TER.ENRR_z,dii_core_z,136,0.8349309133294142
2017,pearson,SE.TER.ENRR_z,pillar_access_adoption,134,0.599298655905553
2017,pearson,SE.TER.ENRR_z,pillar_human_capital,136,0.9394289959969667
2017,pearson,SE.TER.ENRR_z,pillar_infra_capacity,136,0.694787356757209
2017,pearson,pillar_access_adoption,dii_core_z,208,0.9154642536186036
2017,pearson,pillar_access_adoption,pillar_human_capital,156,0.7340419437206326
2017,pearson,pillar_access_adoption,pillar_infra_capacity,208,0.7787546686614489
2017,pearson,pillar_human_capital,dii_core_z,158,0.9288893814674235
2017,pearson,pillar_infra_capacity,dii_core_z,210,0.9339895075478867
2017,pearson,pillar_infra_capacity,pillar_human_capital,158,0.7937530799102979
2017,spearman,IT.CEL.SETS.P2_z,IT.NET.BBND.P2_z,196,0.5501199308305907
2017,spearman,IT.CEL.SETS.P2_z,IT.NET.SECR.P6_z,202,0.6127085197974783
2017,spearman,IT.CEL.SETS.P2_z,SE.SEC.ENRR_z,139,0.4864694579739934
2017,spearman,IT.CEL.SETS.P2_z,SE.TER.ENRR_z,134,0.39087021035175007
2017,spearman,IT.CEL.SETS.P2_z,dii_core_z,203,0.7078849293216777
2017,spearman,IT.CEL.SETS.P2_z,pillar_access_adoption,203,0.8641819991909363
2017,spearman,IT.CEL.SETS.P2_z,pillar_human_capital,156,0.48462960914162884
2017,spearman,IT.CEL.SETS.P2_z,pillar_infra_capacity,203,0.6064363608195071
2017,spearman,IT.NET.BBND.P2_z,IT.NET.SECR.P6_z,196,0.882841875719008
2017,spearman,IT.NET.BBND.P2_z,SE.SEC.ENRR_z,137,0.8193383986409543
2017,spearman,IT.NET.BBND.P2_z,SE.TER.ENRR_z,132,0.7219819152322164
2017,spearman,IT.NET.BBND.P2_z,dii_core_z,197,0.9348028089870005
2017,spearman,IT.NET.BBND.P2_z,pillar_access_adoption,197,0.8177627303805695
2017,spearman,IT.NET.BBND.P2_z,pillar_human_capital,153,0.8069170251832789
2017,spearman,IT.NET.BBND.P2_z,pillar_infra_capacity,197,0.9631187038728737
2017,spearman,IT.NET.SECR.P6_z,SE.SEC.ENRR_z,140,0.7996195141151519
2017,spearman,IT.NET.SECR.P6_z,SE.TER.ENRR_z,136,0.6868565431038596
2017,spearman,IT.NET.SECR.P6_z,dii_core_z,209,0.9184082096877992
2017,spearman,IT.NET.SECR.P6_z,pillar_access_adoption,207,0.8119408316086554
2017,spearman,IT.NET.SECR.P6_z,pillar_human_capital,158,0.7733506348890028
2017,spearman,IT.NET.SECR.P6_z,pillar_infra_capacity,214,0.9690229524577022
2017,spearman,IT.NET.USER.ZS_z,IT.CEL.SETS.P2_z,199,0.6041578393766381
2017,spearman,IT.NET.USER.ZS_z,IT.NET.BBND.P2_z,195,0.8855114407645108
2017,spearman,IT.NET.USER.ZS_z,IT.NET.SECR.P6_z,203,0.8382135443790072
2017,spearman,IT.NET.USER.ZS_z,SE.SEC.ENRR_z,138,0.7685201780417049
2017,spearman,IT.NET.USER.ZS_z,SE.TER.ENRR_z,134,0.6520812629604728
2017,spearman,IT.NET.USER.ZS_z,dii_core_z,204,0.9169681290350077
2017,spearman,IT.NET.USER.ZS_z,pillar_access_adoption,205,0.9126230091064539
2017,spearman,IT.NET.USER.ZS_z,pillar_human_capital,155,0.7466690513835406
2017,spearman,IT.NET.USER.ZS_z,pillar_infra_capacity,204,0.880193312854294
2017,spearman,SE.SEC.ENRR_z,SE.TER.ENRR_z,118,0.7415007724080506
2017,spearman,SE.SEC.ENRR_z,dii_core_z,140,0.8994730051824804
2017,spearman,SE.SEC.ENRR_z,pillar_access_adoption,139,0.7258635327762635
2017,spearman,SE.SEC.ENRR_z,pillar_human_capital,140,0.9243139227220049
2017,spearman,SE.SEC.ENRR_z,pillar_infra_capacity,140,0.8362729876888764
2017,spearman,SE.TER.ENRR_z,dii_core_z,136,0.8557559276752061
2017,spearman,SE.TER.ENRR_z,pillar_access_adoption,134,0.6084838963079341
2017,spearman,SE.TER.ENRR_z,pillar_human_capital,136,0.9599685129526262
2017,spearman,SE.TER.ENRR_z,pillar_infra_capacity,136,0.7174657697628929
2017,spearman,pillar_access_adoption,dii_core_z,208,0.9133968624815305
2017,spearman,pillar_access_adoption,pillar_human_capital,156,0.7102748494570972
2017,spearman,pillar_access_adoption,pillar_infra_capacity,208,0.837165885220805
2017,spearman,pillar_human_capital,dii_core_z,158,0.9228549392341171
2017,spearman,pillar_infra_capacity,dii_core_z,210,0.9519833621105759
2017,spearman,pillar_infra_capacity,pillar_human_capital,158,0.8081535355870993
2018,pearson,IT.CEL.SETS.P2_z,IT.NET.BBND.P2_z,181,0.41841616132076553
2018,pearson,IT.CEL.SETS.P2_z,IT.NET.SECR.P6_z,190,0.5168255451585357
2018,pearson,IT.CEL.SETS.P2_z,SE.SEC.ENRR_z,135,0.3920410304783033
2018,pearson,IT.CEL.SETS.P2_z,SE.TER.ENRR_z,129,0.36462936940664964
2018,pearson,IT.CEL.SETS.P2_z,dii_core_z,191,0.6896662874258465
2018,pearson,IT.CEL.SETS.P2_z,pillar_access_adoption,191,0.9017113174271519
2018,pearson,IT.CEL.SETS.P2_z,pillar_human_capital,149,0.44250273498111325
2018,pearson,IT.CEL.SETS.P2_z,pillar_infra_capacity,190,0.49729507220302005
2018,pearson,IT.NET.BBND.P2_z,IT.NET.SECR.P6_z,182,0.8209937082158874
2018,pearson,IT.NET.BBND.P2_z,SE.SEC.ENRR_z,130,0.7010462544419744
2018,pearson,IT.NET.BBND.P2_z,SE.TER.ENRR_z,128,0.677184786911445
2018,pearson,IT.NET.BBND.P2_z,dii_core_z,182,0.8657882850764663
2018,pearson,IT.NET.BBND.P2_z,pillar_access_adoption,182,0.638765089153228
2018,pearson,IT.NET.BBND.P2_z,pillar_human_capital,144,0.7521749551341613
2018,pearson,IT.NET.BBND.P2_z,pillar_infra_capacity,182,0.9532506698674094
2018,pearson,IT.NET.SECR.P6_z,SE.SEC.ENRR_z,139,0.7157395274479534
2018,pearson,IT.NET.SECR.P6_z,SE.TER.ENRR_z,132,0.638437158627448
2018,pearson,IT.NET.SECR.P6_z,dii_core_z,202,0.9039611807359244
2018,pearson,IT.NET.SECR.P6_z,pillar_access_adoption,197,0.7412578056388915
2018,pearson,IT.NET.SECR.P6_z,pillar_human_capital,155,0.7405598412941752
2018,pearson,IT.NET.SECR.P6_z,pillar_infra_capacity,213,0.9609448454469188
2018,pearson,IT.NET.USER.ZS_z,IT.CEL.SETS.P2_z,168,0.5718789015691693
2018,pearson,IT.NET.USER.ZS_z,IT.NET.BBND.P2_z,164,0.7913953297834803
2018,pearson,IT.NET.USER.ZS_z,IT.NET.SECR.P6_z,174,0.8276751346453872
2018,pearson,IT.NET.USER.ZS_z,SE.SEC.ENRR_z,130,0.8095835796610653
2018,pearson,IT.NET.USER.ZS_z,SE.TER.ENRR_z,124,0.7063716266483004
2018,pearson,IT.NET.USER.ZS_z,dii_core_z,175,0.9243505799036656
2018,pearson,IT.NET.USER.ZS_z,pillar_access_adoption,176,0.8896500672694503
2018,pearson,IT.NET.USER.ZS_z,pillar_human_capital,144,0.821556780697218
2018,pearson,IT.NET.USER.ZS_z,pillar_infra_capacity,174,0.8464906885239923
2018,pearson,SE.SEC.ENRR_z,SE.TER.ENRR_z,116,0.6719855018792783
2018,pearson,SE.SEC.ENRR_z,dii_core_z,140,0.8829159296801974
2018,pearson,SE.SEC.ENRR_z,pillar_access_adoption,137,0.685984151628954
2018,pearson,SE.SEC.ENRR_z,pillar_human_capital,140,0.9374033138632935
2018,pearson,SE.SEC.ENRR_z,pillar_infra_capacity,139,0.742333524554104
2018,pearson,SE.TER.ENRR_z,dii_core_z,132,0.8321030796098187
2018,pearson,SE.TER.ENRR_z,pillar_access_adoption,129,0.6013061909504854
2018,pearson,SE.TER.ENRR_z,pillar_human_capital,133,0.9320352495361819
2018,pearson,SE.TER.ENRR_z,pillar_infra_capacity,132,0.6874463627607162
2018,pearson,pillar_access_adoption,dii_core_z,198,0.8959888885687705
2018,pearson,pillar_access_adoption,pillar_human_capital,151,0.717491151608331
2018,pearson,pillar_access_adoption,pillar_infra_capacity,197,0.733197716615465
2018,pearson,pillar_human_capital,dii_core_z,156,0.9247581816213869
2018,pearson,pillar_infra_capacity,dii_core_z,202,0.9259894775587132
2018,pearson,pillar_infra_capacity,pillar_human_capital,155,0.7739424098097217
2018,spearman,IT.CEL.SETS.P2_z,IT.NET.BBND.P2_z,181,0.4994616801246635
2018,spearman,IT.CEL.SETS.P2_z,IT.NET.SECR.P6_z,190,0.5604841073014124
2018,spearman,IT.CEL.SETS.P2_z,SE.SEC.ENRR_z,135,0.40045361428153353
2018,spearman,IT.CEL.SETS.P2_z,SE.TER.ENRR_z,129,0.37329494633273713
2018,spearman,IT.CEL.SETS.P2_z,dii_core_z,191,0.6752135574538439
2018,spearman,IT.CEL.SETS.P2_z,pillar_access_adoption,191,0.8676288233673187
2018,spearman,IT.CEL.SETS.P2_z,pillar_human_capital,149,0.4441792127698168
2018,spearman,IT.CEL.SETS.P2_z,pillar_infra_capacity,190,0.5468076823822209
2018,spearman,IT.NET.BBND.P2_z,IT.NET.SECR.P6_z,182,0.8738866422953009
2018,spearman,IT.NET.BBND.P2_z,SE.SEC.ENRR_z,130,0.7727840063362874
2018,spearman,IT.NET.BBND.P2_z,SE.TER.ENRR_z,128,0.7286726332173594
2018,spearman,IT.NET.BBND.P2_z,dii_core_z,182,0.9308252656681241
2018,spearman,IT.NET.BBND.P2_z,pillar_access_adoption,182,0.7509363202688083
2018,spearman,IT.NET.BBND.P2_z,pillar_human_capital,144,0.8084559119041878
2018,spearman,IT.NET.BBND.P2_z,pillar_infra_capacity,182,0.9622744794377799
2018,spearman,IT.NET.SECR.P6_z,SE.SEC.ENRR_z,139,0.7073774520756065
2018,spearman,IT.NET.SECR.P6_z,SE.TER.ENRR_z,132,0.6596296431571641
2018,spearman,IT.NET.SECR.P6_z,dii_core_z,202,0.9117886643454434
2018,spearman,IT.NET.SECR.P6_z,pillar_access_adoption,197,0.7854976785361122
2018,spearman,IT.NET.SECR.P6_z,pillar_human_capital,155,0.7370597144790694
2018,spearman,IT.NET.SECR.P6_z,pillar_infra_capacity,213,0.9711231593404545
2018,spearman,IT.NET.USER.ZS_z,IT.CEL.SETS.P2_z,168,0.5769158493554092
2018,spearman,IT.NET.USER.ZS_z,IT.NET.BBND.P2_z,164,0.8575196615020154
2018,spearman,IT.NET.USER.ZS_z,IT.NET.SECR.P6_z,174,0.8329285189947071
2018,spearman,IT.NET.USER.ZS_z,SE.SEC.ENRR_z,130,0.7366289311611519
2018,spearman,IT.NET.USER.ZS_z,SE.TER.ENRR_z,124,0.6870558615263571
2018,spearman,IT.NET.USER.ZS_z,dii_core_z,175,0.9169127389795094
2018,spearman,IT.NET.USER.ZS_z,pillar_access_adoption,176,0.9085334077336878
2018,spearman,IT.NET.USER.ZS_z,pillar_human_capital,144,0.7680532111566594
2018,spearman,IT.NET.USER.ZS_z,pillar_infra_capacity,174,0.865404405253368
2018,spearman,SE.SEC.ENRR_z,SE.TER.ENRR_z,116,0.6740783454426633
2018,spearman,SE.SEC.ENRR_z,dii_core_z,140,0.8621416544575892
2018,spearman,SE.SEC.ENRR_z,pillar_access_adoption,137,0.6715468478727574
2018,spearman,SE.SEC.ENRR_z,pillar_human_capital,140,0.901930856530581
2018,spearman,SE.SEC.ENRR_z,pillar_infra_capacity,139,0.7634523437150899
2018,spearman,SE.TER.ENRR_z,dii_core_z,132,0.860779638200289
2018,spearman,SE.TER.ENRR_z,pillar_access_adoption,129,0.6258609123434706
2018,spearman,SE.TER.ENRR_z,pillar_human_capital,133,0.9572948653859886
2018,spearman,SE.TER.ENRR_z,pillar_infra_capacity,132,0.7074087021857208
2018,spearman,pillar_access_adoption,dii_core_z,198,0.8964782379827148
2018,spearman,pillar_access_adoption,pillar_human_capital,151,0.7134994771697454
2018,spearman,pillar_access_adoption,pillar_infra_capacity,197,0.7889571149179562
2018,spearman,pillar_human_capital,dii_core_z,156,0.9227450174645571
2018,spearman,pillar_infra_capacity,dii_core_z,202,0.9424751092122667
2018,spearman,pillar_infra_capacity,pillar_human_capital,155,0.7873739164061745
2019,pearson,IT.CEL.SETS.P2_z,IT.NET.BBND.P2_z,202,0.41427474060139785
2019,pearson,IT.CEL.SETS.P2_z,IT.NET.SECR.P6_z,206,0.4958963657598534
2019,pearson,IT.CEL.SETS.P2_z,SE.SEC.ENRR_z,138,0.2921816200695219
2019,pearson,IT.CEL.SETS.P2_z,SE.TER.ENRR_z,130,0.2703251114526591
2019,pearson,IT.CEL.SETS.P2_z,dii_core_z,207,0.677637472633583
2019,pearson,IT.CEL.SETS.P2_z,pillar_access_adoption,208,0.9064407410186436
2019,pearson,IT.CEL.SETS.P2_z,pillar_human_capital,153,0.345508469399201
2019,pearson,IT.CEL.SETS.P2_z,pillar_infra_capacity,206,0.476806607670927
2019,pearson,IT.NET.BBND.P2_z,IT.NET.SECR.P6_z,203,0.8173540333865695
2019,pearson,IT.NET.BBND.P2_z,SE.SEC.ENRR_z,136,0.6413797589418033
2019,pearson,IT.NET.BBND.P2_z,SE.TER.ENRR_z,130,0.6820823483995316
2019,pearson,IT.NET.BBND.P2_z,dii_core_z,202,0.8520161773642164
2019,pearson,IT.NET.BBND.P2_z,pillar_access_adoption,202,0.6273309494448964
2019,pearson,IT.NET.BBND.P2_z,pillar_human_capital,151,0.6865036724494302
2019,pearson,IT.NET.BBND.P2_z,pillar_infra_capacity,203,0.9540754714652087
2019,pearson,IT.NET.SECR.P6_z,SE.SEC.ENRR_z,138,0.716426168896579
2019,pearson,IT.NET.SECR.P6_z,SE.TER.ENRR_z,131,0.6590390578216001
2019,pearson,IT.NET.SECR.P6_z,dii_core_z,207,0.906291240391336
2019,pearson,IT.NET.SECR.P6_z,pillar_access_adoption,206,0.721639341009187
2019,pearson,IT.NET.SECR.P6_z,pillar_human_capital,153,0.7417319362432002
2019,pearson,IT.NET.SECR.P6_z,pillar_infra_capacity,212,0.9531846319430156
2019,pearson,IT.NET.USER.ZS_z,IT.CEL.SETS.P2_z,186,0.5457273787659381
2019,pearson,IT.NET.USER.ZS_z,IT.NET.BBND.P2_z,184,0.7691318103135636
2019,pearson,IT.NET.USER.ZS_z,IT.NET.SECR.P6_z,185,0.8322224042418657
2019,pearson,IT.NET.USER.ZS_z,SE.SEC.ENRR_z,132,0.8041604552262122
2019,pearson,IT.NET.USER.ZS_z,SE.TER.ENRR_z,128,0.6668798781290405
2019,pearson,IT.NET.USER.ZS_z,dii_core_z,186,0.9160018111389883
2019,pearson,IT.NET.USER.ZS_z,pillar_access_adoption,186,0.8583635830586371
2019,pearson,IT.NET.USER.ZS_z,pillar_human_capital,147,0.7970545581852143
2019,pearson,IT.NET.USER.ZS_z,pillar_infra_capacity,185,0.8351208169803183
2019,pearson,SE.SEC.ENRR_z,SE.TER.ENRR_z,116,0.6875001064239963
2019,pearson,SE.SEC.ENRR_z,dii_core_z,139,0.8531994833867741
2019,pearson,SE.SEC.ENRR_z,pillar_access_adoption,138,0.6019830944644079
2019,pearson,SE.SEC.ENRR_z,pillar_human_capital,139,0.9356267796386452
2019,pearson,SE.SEC.ENRR_z,pillar_infra_capacity,138,0.7139020223277182
2019,pearson,SE.TER.ENRR_z,dii_core_z,131,0.8337881406750817
2019,pearson,SE.TER.ENRR_z,pillar_access_adoption,130,0.5337214122154682
2019,pearson,SE.TER.ENRR_z,pillar_human_capital,131,0.9355679301863722
2019,pearson,SE.TER.ENRR_z,pillar_infra_capacity,131,0.7026461831743961
2019,pearson,pillar_access_adoption,dii_core_z,207,0.8834464490020445
2019,pearson,pillar_access_adoption,pillar_human_capital,153,0.6345849954433233
2019,pearson,pillar_access_adoption,pillar_infra_capacity,206,0.705731687543821
2019,pearson,pillar_human_capital,dii_core_z,154,0.9035469489047337
2019,pearson,pillar_infra_capacity,dii_core_z,207,0.9210123867433397
2019,pearson,pillar_infra_capacity,pillar_human_capital,153,0.7505411712788972
2019,spearman,IT.CEL.SETS.P2_z,IT.NET.BBND.P2_z,202,0.5376956120727873
2019,spearman,IT.CEL.SETS.P2_z,IT.NET.SECR.P6_z,206,0.5674934022451241
2019,spearman,IT.CEL.SETS.P2_z,SE.SEC.ENRR_z,138,0.3255492717853644
2019,spearman,IT.CEL.SETS.P2_z,SE.TER.ENRR_z,130,0.26700077838014996
2019,spearman,IT.CEL.SETS.P2_z,dii_core_z,207,0.684125077117901
2019,spearman,IT.CEL.SETS.P2_z,pillar_access_adoption,208,0.8880465453691998
2019,spearman,IT.CEL.SETS.P2_z,pillar_human_capital,153,0.354572929650329
2019,spearman,IT.CEL.SETS.P2_z,pillar_infra_capacity,206,0.5636277527823822
2019,spearman,IT.NET.BBND.P2_z,IT.NET.SECR.P6_z,203,0.8797550430209641
2019,spearman,IT.NET.BBND.P2_z,SE.SEC.ENRR_z,136,0.7392109155097562
2019,spearman,IT.NET.BBND.P2_z,SE.TER.ENRR_z,130,0.7282988979775772
2019,spearman,IT.NET.BBND.P2_z,dii_core_z,202,0.9256257366049816
2019,spearman,IT.NET.BBND.P2_z,pillar_access_adoption,202,0.7488099666521317
2019,spearman,IT.NET.BBND.P2_z,pillar_human_capital,151,0.7811467410247472
2019,spearman,IT.NET.BBND.P2_z,pillar_infra_capacity,203,0.9645346018229758
2019,spearman,IT.NET.SECR.P6_z,SE.SEC.ENRR_z,138,0.6948188196507218
2019,spearman,IT.NET.SECR.P6_z,SE.TER.ENRR_z,131,0.6659904980515667
2019,spearman,IT.NET.SECR.P6_z,dii_core_z,207,0.9140297756274962
2019,spearman,IT.NET.SECR.P6_z,pillar_access_adoption,206,0.762305113131334
2019,spearman,IT.NET.SECR.P6_z,pillar_human_capital,153,0.7314945116802701
2019,spearman,IT.NET.SECR.P6_z,pillar_infra_capacity,212,0.9676508483072269
2019,spearman,IT.NET.USER.ZS_z,IT.CEL.SETS.P2_z,186,0.5851322634406595
2019,spearman,IT.NET.USER.ZS_z,IT.NET.BBND.P2_z,184,0.8501624899603336
2019,spearman,IT.NET.USER.ZS_z,IT.NET.SECR.P6_z,185,0.8334934867788877
2019,spearman,IT.NET.USER.ZS_z,SE.SEC.ENRR_z,132,0.7280451964486114
2019,spearman,IT.NET.USER.ZS_z,SE.TER.ENRR_z,128,0.6473887883551157
2019,spearman,IT.NET.USER.ZS_z,dii_core_z,186,0.908143369858998
2019,spearman,IT.NET.USER.ZS_z,pillar_access_adoption,186,0.8894952925252521
2019,spearman,IT.NET.USER.ZS_z,pillar_human_capital,147,0.7320570954204391
2019,spearman,IT.NET.USER.ZS_z,pillar_infra_capacity,185,0.8653763416420184
2019,spearman,SE.SEC.ENRR_z,SE.TER.ENRR_z,116,0.6985584131011418
2019,spearman,SE.SEC.ENRR_z,dii_core_z,139,0.8323160105456008
2019,spearman,SE.SEC.ENRR_z,pillar_access_adoption,138,0.6082732671368458
2019,spearman,SE.SEC.ENRR_z,pillar_human_capital,139,0.9040797175923856
2019,spearman,SE.SEC.ENRR_z,pillar_infra_capacity,138,0.741984387735765
2019,spearman,SE.TER.ENRR_z,dii_core_z,131,0.8591416217370416
2019,spearman,SE.TER.ENRR_z,pillar_access_adoption,130,0.5509866309795299
2019,spearman,SE.TER.ENRR_z,pillar_human_capital,131,0.9542358404953826
2019,spearman,SE.TER.ENRR_z,pillar_infra_capacity,131,0.7176213099877222
2019,spearman,pillar_access_adoption,dii_core_z,207,0.8781699516186642
2019,spearman,pillar_access_adoption,pillar_human_capital,153,0.625949901491697
2019,spearman,pillar_access_adoption,pillar_infra_capacity,206,0.772132593423866
2019,spearman,pillar_human_capital,dii_core_z,154,0.9008649794228542
2019,spearman,pillar_infra_capacity,dii_core_z,207,0.9461757638731044
2019,spearman,pillar_infra_capacity,pillar_human_capital,153,0.7771903019581037
2020,pearson,IT.CEL.SETS.P2_z,IT.NET.BBND.P2_z,200,0.4255977896168939
2020,pearson,IT.CEL.SETS.P2_z,IT.NET.SECR.P6_z,206,0.5092520441692053
2020,pearson,IT.CEL.SETS.P2_z,SE.SEC.ENRR_z,143,0.2902724452889104
2020,pearson,IT.CEL.SETS.P2_z,SE.TER.ENRR_z,132,0.32856626217745294
2020,pearson,IT.CEL.SETS.P2_z,dii_core_z,207,0.6840981972944428
2020,pearson,IT.CEL.SETS.P2_z,pillar_access_adoption,207,0.8962251110544918
2020,pearson,IT.CEL.SETS.P2_z,pillar_human_capital,161,0.39253909784901253
2020,pearson,IT.CEL.SETS.P2_z,pillar_infra_capacity,207,0.5018732978578008
2020,pearson,IT.NET.BBND.P2_z,IT.NET.SECR.P6_z,200,0.8200624561879284
2020,pearson,IT.NET.BBND.P2_z,SE.SEC.ENRR_z,140,0.6684523092884256
2020,pearson,IT.NET.BBND.P2_z,SE.TER.ENRR_z,132,0.6857894368411487
2020,pearson,IT.NET.BBND.P2_z,dii_core_z,200,0.8686409870418001
2020,pearson,IT.NET.BBND.P2_z,pillar_access_adoption,200,0.6367967866995529
2020,pearson,IT.NET.BBND.P2_z,pillar_human_capital,158,0.7186148351971551
2020,pearson,IT.NET.BBND.P2_z,pillar_infra_capacity,201,0.9553534333110285
2020,pearson,IT.NET.SECR.P6_z,SE.SEC.ENRR_z,143,0.6533670750669165
2020,pearson,IT.NET.SECR.P6_z,SE.TER.ENRR_z,132,0.6582422929199174
2020,pearson,IT.NET.SECR.P6_z,dii_core_z,208,0.8989531182188599
2020,pearson,IT.NET.SECR.P6_z,pillar_access_adoption,207,0.7299003910180194
2020,pearson,IT.NET.SECR.P6_z,pillar_human_capital,161,0.697563513338266
2020,pearson,IT.NET.SECR.P6_z,pillar_infra_capacity,214,0.9559632857335723
2020,pearson,IT.NET.USER.ZS_z,IT.CEL.SETS.P2_z,185,0.5658193227858456
2020,pearson,IT.NET.USER.ZS_z,IT.NET.BBND.P2_z,182,0.7488199800787079
2020,pearson,IT.NET.USER.ZS_z,IT.NET.SECR.P6_z,185,0.819145674034749
2020,pearson,IT.NET.USER.ZS_z,SE.SEC.ENRR_z,134,0.7646271747075
2020,pearson,IT.NET.USER.ZS_z,SE.TER.ENRR_z,128,0.6732549948236621
2020,pearson,IT.NET.USER.ZS_z,dii_core_z,186,0.9131597606561772
2020,pearson,IT.NET.USER.ZS_z,pillar_access_adoption,186,0.888604036169118
2020,pearson,IT.NET.USER.ZS_z,pillar_human_capital,151,0.7848631515533918
2020,pearson,IT.NET.USER.ZS_z,pillar_infra_capacity,186,0.821284932838605
2020,pearson,SE.SEC.ENRR_z,SE.TER.ENRR_z,114,0.68588037504206
2020,pearson,SE.SEC.ENRR_z,dii_core_z,144,0.8516507894153532
2020,pearson,SE.SEC.ENRR_z,pillar_access_adoption,143,0.5738926508595055
2020,pearson,SE.SEC.ENRR_z,pillar_human_capital,144,0.9390873177844277
2020,pearson,SE.SEC.ENRR_z,pillar_infra_capacity,144,0.6911773470780603
2020,pearson,SE.TER.ENRR_z,dii_core_z,132,0.8424722837678336
2020,pearson,SE.TER.ENRR_z,pillar_access_adoption,132,0.5787468223249377
2020,pearson,SE.TER.ENRR_z,pillar_human_capital,132,0.9420900734299285
2020,pearson,SE.TER.ENRR_z,pillar_infra_capacity,132,0.7079281055061979
2020,pearson,pillar_access_adoption,dii_core_z,208,0.8853760097664254
2020,pearson,pillar_access_adoption,pillar_human_capital,161,0.6406843010748001
2020,pearson,pillar_access_adoption,pillar_infra_capacity,208,0.7253330271831713
2020,pearson,pillar_human_capital,dii_core_z,162,0.9042962164813537
2020,pearson,pillar_infra_capacity,dii_core_z,209,0.9251159438819008
2020,pearson,pillar_infra_capacity,pillar_human_capital,162,0.7383903093238786
2020,spearman,IT.CEL.SETS.P2_z,IT.NET.BBND.P2_z,200,0.4894277356933924
2020,spearman,IT.CEL.SETS.P2_z,IT.NET.SECR.P6_z,206,0.5302947626352582
2020,spearman,IT.CEL.SETS.P2_z,SE.SEC.ENRR_z,143,0.2923438064283135
2020,spearman,IT.CEL.SETS.P2_z,SE.TER.ENRR_z,132,0.28458724882991654
2020,spearman,IT.CEL.SETS.P2_z,dii_core_z,207,0.655259982032882
2020,spearman,IT.CEL.SETS.P2_z,pillar_access_adoption,207,0.8793916615254732
2020,spearman,IT.CEL.SETS.P2_z,pillar_human_capital,161,0.37368875086266395
2020,spearman,IT.CEL.SETS.P2_z,pillar_infra_capacity,207,0.525346083492981
2020,spearman,IT.NET.BBND.P2_z,IT.NET.SECR.P6_z,200,0.8616020400510014
2020,spearman,IT.NET.BBND.P2_z,SE.SEC.ENRR_z,140,0.716183770308981
2020,spearman,IT.NET.BBND.P2_z,SE.TER.ENRR_z,132,0.7256917449765983
2020,spearman,IT.NET.BBND.P2_z,dii_core_z,200,0.9210230255756395
2020,spearman,IT.NET.BBND.P2_z,pillar_access_adoption,200,0.7178024450611267
2020,spearman,IT.NET.BBND.P2_z,pillar_human_capital,158,0.769173313212415
2020,spearman,IT.NET.BBND.P2_z,pillar_infra_capacity,201,0.9593084084527856
2020,spearman,IT.NET.SECR.P6_z,SE.SEC.ENRR_z,143,0.6596285170228832
2020,spearman,IT.NET.SECR.P6_z,SE.TER.ENRR_z,132,0.6735558535478181
2020,spearman,IT.NET.SECR.P6_z,dii_core_z,208,0.9080694286643942
2020,spearman,IT.NET.SECR.P6_z,pillar_access_adoption,207,0.7475944626641123
2020,spearman,IT.NET.SECR.P6_z,pillar_human_capital,161,0.7104152288934898
2020,spearman,IT.NET.SECR.P6_z,pillar_infra_capacity,214,0.9636931346829073
2020,spearman,IT.NET.USER.ZS_z,IT.CEL.SETS.P2_z,185,0.5534101753254593
2020,spearman,IT.NET.USER.ZS_z,IT.NET.BBND.P2_z,182,0.8302628566882776
2020,spearman,IT.NET.USER.ZS_z,IT.NET.SECR.P6_z,185,0.8189443339379876
2020,spearman,IT.NET.USER.ZS_z,SE.SEC.ENRR_z,134,0.6817383801275084
2020,spearman,IT.NET.USER.ZS_z,SE.TER.ENRR_z,128,0.6547268549939104
2020,spearman,IT.NET.USER.ZS_z,dii_core_z,186,0.8991462491285505
2020,spearman,IT.NET.USER.ZS_z,pillar_access_adoption,186,0.8802315085919733
2020,spearman,IT.NET.USER.ZS_z,pillar_human_capital,151,0.7224951594558888
2020,spearman,IT.NET.USER.ZS_z,pillar_infra_capacity,186,0.8536072745993244
2020,spearman,SE.SEC.ENRR_z,SE.TER.ENRR_z,114,0.7052226564873131
2020,spearman,SE.SEC.ENRR_z,dii_core_z,144,0.8347359537014709
2020,spearman,SE.SEC.ENRR_z,pillar_access_adoption,143,0.5488689714041827
2020,spearman,SE.SEC.ENRR_z,pillar_human_capital,144,0.907563700667149
2020,spearman,SE.SEC.ENRR_z,pillar_infra_capacity,144,0.7167229322401737
2020,spearman,SE.TER.ENRR_z,dii_core_z,132,0.8673122779189472
2020,spearman,SE.TER.ENRR_z,pillar_access_adoption,132,0.5447188408216932
2020,spearman,SE.TER.ENRR_z,pillar_human_capital,132,0.9619938117326625
2020,spearman,SE.TER.ENRR_z,pillar_infra_capacity,132,0.7248360317866142
2020,spearman,pillar_access_adoption,dii_core_z,208,0.8596011158940219
2020,spearman,pillar_access_adoption,pillar_human_capital,161,0.6027892799631932
2020,spearman,pillar_access_adoption,pillar_infra_capacity,208,0.755263424599809
2020,spearman,pillar_human_capital,dii_core_z,162,0.9064893495408299
2020,spearman,pillar_infra_capacity,dii_core_z,209,0.9424312529575688
2020,spearman,pillar_infra_capacity,pillar_human_capital,162,0.7663235769397412
2021,pearson,IT.CEL.SETS.P2_z,IT.NET.BBND.P2_z,203,0.4257292765214266
2021,pearson,IT.CEL.SETS.P2_z,IT.NET.SECR.P6_z,208,0.5014046361635353
2021,pearson,IT.CEL.SETS.P2_z,SE.SEC.ENRR_z,147,0.34575781323334187
2021,pearson,IT.CEL.SETS.P2_z,SE.TER.ENRR_z,124,0.23781962476365945
2021,pearson,IT.CEL.SETS.P2_z,dii_core_z,208,0.6866614933563931
2021,pearson,IT.CEL.SETS.P2_z,pillar_access_adoption,208,0.9028513969294997
2021,pearson,IT.CEL.SETS.P2_z,pillar_human_capital,158,0.3604929725565213
2021,pearson,IT.CEL.SETS.P2_z,pillar_infra_capacity,208,0.49214431202341247
2021,pearson,IT.NET.BBND.P2_z,IT.NET.SECR.P6_z,204,0.8167270230723755
2021,pearson,IT.NET.BBND.P2_z,SE.SEC.ENRR_z,146,0.6684826326515753
2021,pearson,IT.NET.BBND.P2_z,SE.TER.ENRR_z,124,0.6710009413792769
2021,pearson,IT.NET.BBND.P2_z,dii_core_z,203,0.8633105266462285
2021,pearson,IT.NET.BBND.P2_z,pillar_access_adoption,203,0.6202739219447747
2021,pearson,IT.NET.BBND.P2_z,pillar_human_capital,157,0.6948065131202054
2021,pearson,IT.NET.BBND.P2_z,pillar_infra_capacity,204,0.9549046126525598
2021,pearson,IT.NET.SECR.P6_z,SE.SEC.ENRR_z,148,0.6904979338623314
2021,pearson,IT.NET.SECR.P6_z,SE.TER.ENRR_z,124,0.6114913279120919
2021,pearson,IT.NET.SECR.P6_z,dii_core_z,209,0.8901642315754175
2021,pearson,IT.NET.SECR.P6_z,pillar_access_adoption,208,0.7045468408190299
2021,pearson,IT.NET.SECR.P6_z,pillar_human_capital,159,0.6873459693341911
2021,pearson,IT.NET.SECR.P6_z,pillar_infra_capacity,215,0.9529640854228936
2021,pearson,IT.NET.USER.ZS_z,IT.CEL.SETS.P2_z,181,0.5366450671297016
2021,pearson,IT.NET.USER.ZS_z,IT.NET.BBND.P2_z,180,0.7337570585567402
2021,pearson,IT.NET.USER.ZS_z,IT.NET.SECR.P6_z,181,0.7988929100492235
2021,pearson,IT.NET.USER.ZS_z,SE.SEC.ENRR_z,137,0.7688258362448942
2021,pearson,IT.NET.USER.ZS_z,SE.TER.ENRR_z,121,0.611025584930023
2021,pearson,IT.NET.USER.ZS_z,dii_core_z,181,0.8954549146866468
2021,pearson,IT.NET.USER.ZS_z,pillar_access_adoption,181,0.8721964378466274
2021,pearson,IT.NET.USER.ZS_z,pillar_human_capital,148,0.7406472757464283
2021,pearson,IT.NET.USER.ZS_z,pillar_infra_capacity,181,0.8022027377863709
2021,pearson,SE.SEC.ENRR_z,SE.TER.ENRR_z,113,0.7182256112462836
2021,pearson,SE.SEC.ENRR_z,dii_core_z,148,0.8661276562247804
2021,pearson,SE.SEC.ENRR_z,pillar_access_adoption,147,0.6176118382769545
2021,pearson,SE.SEC.ENRR_z,pillar_human_capital,148,0.9427629222629195
2021,pearson,SE.SEC.ENRR_z,pillar_infra_capacity,148,0.7150110810763419
2021,pearson,SE.TER.ENRR_z,dii_core_z,124,0.8307797069859802
2021,pearson,SE.TER.ENRR_z,pillar_access_adoption,124,0.49966131104988254
2021,pearson,SE.TER.ENRR_z,pillar_human_capital,124,0.9401687810277557
2021,pearson,SE.TER.ENRR_z,pillar_infra_capacity,124,0.6812826480188348
2021,pearson,pillar_access_adoption,dii_core_z,208,0.8752974088483315
2021,pearson,pillar_access_adoption,pillar_human_capital,158,0.6126612399776261
2021,pearson,pillar_access_adoption,pillar_infra_capacity,208,0.6975224805631028
2021,pearson,pillar_human_capital,dii_core_z,159,0.8996856320834695
2021,pearson,pillar_infra_capacity,dii_core_z,209,0.9191561191746788
2021,pearson,pillar_infra_capacity,pillar_human_capital,159,0.7300180533496112
2021,spearman,IT.CEL.SETS.P2_z,IT.NET.BBND.P2_z,203,0.5011563950313171
2021,spearman,IT.CEL.SETS.P2_z,IT.NET.SECR.P6_z,208,0.5278581875317631
2021,spearman,IT.CEL.SETS.P2_z,SE.SEC.ENRR_z,147,0.33624955255584793
2021,spearman,IT.CEL.SETS.P2_z,SE.TER.ENRR_z,124,0.16696800467055237
2021,spearman,IT.CEL.SETS.P2_z,dii_core_z,208,0.6586303956538093
2021,spearman,IT.CEL.SETS.P2_z,pillar_access_adoption,208,0.8974215278405682
2021,spearman,IT.CEL.SETS.P2_z,pillar_human_capital,158,0.31355797483421843
2021,spearman,IT.CEL.SETS.P2_z,pillar_infra_capacity,208,0.5210845432024311
2021,spearman,IT.NET.BBND.P2_z,IT.NET.SECR.P6_z,204,0.8640521305242029
2021,spearman,IT.NET.BBND.P2_z,SE.SEC.ENRR_z,146,0.7144091079984192
2021,spearman,IT.NET.BBND.P2_z,SE.TER.ENRR_z,124,0.703345397324941
2021,spearman,IT.NET.BBND.P2_z,dii_core_z,203,0.9172789634802369
2021,spearman,IT.NET.BBND.P2_z,pillar_access_adoption,203,0.7054649104435219
2021,spearman,IT.NET.BBND.P2_z,pillar_human_capital,157,0.7318855859934632
2021,spearman,IT.NET.BBND.P2_z,pillar_infra_capacity,204,0.9586150355853023
2021,spearman,IT.NET.SECR.P6_z,SE.SEC.ENRR_z,148,0.6971388591714576
2021,spearman,IT.NET.SECR.P6_z,SE.TER.ENRR_z,124,0.6401510621557828
2021,spearman,IT.NET.SECR.P6_z,dii_core_z,209,0.9064619590935381
2021,spearman,IT.NET.SECR.P6_z,pillar_access_adoption,208,0.72565249395913
2021,spearman,IT.NET.SECR.P6_z,pillar_human_capital,159,0.6871716025794125
2021,spearman,IT.NET.SECR.P6_z,pillar_infra_capacity,215,0.9646984954961482
2021,spearman,IT.NET.USER.ZS_z,IT.CEL.SETS.P2_z,181,0.5338373862667475
2021,spearman,IT.NET.USER.ZS_z,IT.NET.BBND.P2_z,180,0.8148295234507925
2021,spearman,IT.NET.USER.ZS_z,IT.NET.SECR.P6_z,181,0.809991130850159
2021,spearman,IT.NET.USER.ZS_z,SE.SEC.ENRR_z,137,0.6467024786901814
2021,spearman,IT.NET.USER.ZS_z,SE.TER.ENRR_z,121,0.5795861961919482
2021,spearman,IT.NET.USER.ZS_z,dii_core_z,181,0.8756775189492072
2021,spearman,IT.NET.USER.ZS_z,pillar_access_adoption,181,0.8483769142983203
2021,spearman,IT.NET.USER.ZS_z,pillar_human_capital,148,0.6352391996364816
2021,spearman,IT.NET.USER.ZS_z,pillar_infra_capacity,181,0.838973485127798
2021,spearman,SE.SEC.ENRR_z,SE.TER.ENRR_z,113,0.7562462572360105
2021,spearman,SE.SEC.ENRR_z,dii_core_z,148,0.8437015292240605
2021,spearman,SE.SEC.ENRR_z,pillar_access_adoption,147,0.5411336693137084
2021,spearman,SE.SEC.ENRR_z,pillar_human_capital,148,0.9233129856332158
2021,spearman,SE.SEC.ENRR_z,pillar_infra_capacity,148,0.7280231882341184
2021,spearman,SE.TER.ENRR_z,dii_core_z,124,0.8657183320220296
2021,spearman,SE.TER.ENRR_z,pillar_access_adoption,124,0.4202360346184107
2021,spearman,SE.TER.ENRR_z,pillar_human_capital,124,0.9607616050354052
2021,spearman,SE.TER.ENRR_z,pillar_infra_capacity,124,0.696516129032258
2021,spearman,pillar_access_adoption,dii_core_z,208,0.8435694740042566
2021,spearman,pillar_access_adoption,pillar_human_capital,158,0.5228117360529025
2021,spearman,pillar_access_adoption,pillar_infra_capacity,208,0.7283275458332666
2021,spearman,pillar_human_capital,dii_core_z,159,0.8850280630523049
2021,spearman,pillar_infra_capacity,dii_core_z,209,0.9386035017613966
2021,spearman,pillar_infra_capacity,pillar_human_capital,159,0.7316336278958682
2022,pearson,IT.CEL.SETS.P2_z,IT.NET.BBND.P2_z,204,0.43576042656849384
2022,pearson,IT.CEL.SETS.P2_z,IT.NET.SECR.P6_z,208,0.48211668634456195
2022,pearson,IT.CEL.SETS.P2_z,SE.SEC.ENRR_z,137,0.2754387073315983
2022,pearson,IT.CEL.SETS.P2_z,SE.TER.ENRR_z,123,0.20453073759601487
2022,pearson,IT.CEL.SETS.P2_z,dii_core_z,208,0.6790462411181006
2022,pearson,IT.CEL.SETS.P2_z,pillar_access_adoption,209,0.9098539491303016
2022,pearson,IT.CEL.SETS.P2_z,pillar_human_capital,150,0.26121890591073754
2022,pearson,IT.CEL.SETS.P2_z,pillar_infra_capacity,208,0.4866993670646254
2022,pearson,IT.NET.BBND.P2_z,IT.NET.SECR.P6_z,206,0.800335196221749
2022,pearson,IT.NET.BBND.P2_z,SE.SEC.ENRR_z,138,0.5925900737716419
2022,pearson,IT.NET.BBND.P2_z,SE.TER.ENRR_z,123,0.7022558633526457
2022,pearson,IT.NET.BBND.P2_z,dii_core_z,205,0.8621603560222396
2022,pearson,IT.NET.BBND.P2_z,pillar_access_adoption,204,0.6176809816267632
2022,pearson,IT.NET.BBND.P2_z,pillar_human_capital,150,0.6561485305721018
2022,pearson,IT.NET.BBND.P2_z,pillar_infra_capacity,206,0.9523657773049049
2022,pearson,IT.NET.SECR.P6_z,SE.SEC.ENRR_z,139,0.6115200189464062
2022,pearson,IT.NET.SECR.P6_z,SE.TER.ENRR_z,125,0.6049326513420938
2022,pearson,IT.NET.SECR.P6_z,dii_core_z,210,0.8832508704745472
2022,pearson,IT.NET.SECR.P6_z,pillar_access_adoption,208,0.6763657343392184
2022,pearson,IT.NET.SECR.P6_z,pillar_human_capital,152,0.6465737598412045
2022,pearson,IT.NET.SECR.P6_z,pillar_infra_capacity,215,0.9475020168187077
2022,pearson,IT.NET.USER.ZS_z,IT.CEL.SETS.P2_z,182,0.5484113978649863
2022,pearson,IT.NET.USER.ZS_z,IT.NET.BBND.P2_z,180,0.7319281721776533
2022,pearson,IT.NET.USER.ZS_z,IT.NET.SECR.P6_z,182,0.7853061797077471
2022,pearson,IT.NET.USER.ZS_z,SE.SEC.ENRR_z,127,0.7467702561658607
2022,pearson,IT.NET.USER.ZS_z,SE.TER.ENRR_z,120,0.6422429871363916
2022,pearson,IT.NET.USER.ZS_z,dii_core_z,182,0.8965758653668929
2022,pearson,IT.NET.USER.ZS_z,pillar_access_adoption,182,0.8748851412890833
2022,pearson,IT.NET.USER.ZS_z,pillar_human_capital,139,0.7397066113600118
2022,pearson,IT.NET.USER.ZS_z,pillar_infra_capacity,182,0.7965156362079666
2022,pearson,SE.SEC.ENRR_z,SE.TER.ENRR_z,112,0.6945400737860017
2022,pearson,SE.SEC.ENRR_z,dii_core_z,139,0.8270523099020888
2022,pearson,SE.SEC.ENRR_z,pillar_access_adoption,137,0.5495809909229007
2022,pearson,SE.SEC.ENRR_z,pillar_human_capital,139,0.9243626343644513
2022,pearson,SE.SEC.ENRR_z,pillar_infra_capacity,139,0.6401953792396625
2022,pearson,SE.TER.ENRR_z,dii_core_z,125,0.8323618458864339
2022,pearson,SE.TER.ENRR_z,pillar_access_adoption,123,0.4506038318640728
2022,pearson,SE.TER.ENRR_z,pillar_human_capital,125,0.9434897730137164
2022,pearson,SE.TER.ENRR_z,pillar_infra_capacity,125,0.6969770874299474
2022,pearson,pillar_access_adoption,dii_core_z,208,0.8630131520212737
2022,pearson,pillar_access_adoption,pillar_human_capital,150,0.509502135337689
2022,pearson,pillar_access_adoption,pillar_infra_capacity,208,0.6816725485415038
2022,pearson,pillar_human_capital,dii_core_z,152,0.8771898448548968
2022,pearson,pillar_infra_capacity,dii_core_z,210,0.9191815255486263
2022,pearson,pillar_infra_capacity,pillar_human_capital,152,0.6924778467139697
2022,spearman,IT.CEL.SETS.P2_z,IT.NET.BBND.P2_z,204,0.512446728060442
2022,spearman,IT.CEL.SETS.P2_z,IT.NET.SECR.P6_z,208,0.5183586436446848
2022,spearman,IT.CEL.SETS.P2_z,SE.SEC.ENRR_z,137,0.2772649205667668
2022,spearman,IT.CEL.SETS.P2_z,SE.TER.ENRR_z,123,0.18608040654705862
2022,spearman,IT.CEL.SETS.P2_z,dii_core_z,208,0.6685202669184361
2022,spearman,IT.CEL.SETS.P2_z,pillar_access_adoption,209,0.9098178137651821
2022,spearman,IT.CEL.SETS.P2_z,pillar_human_capital,150,0.26908395928707945
2022,spearman,IT.CEL.SETS.P2_z,pillar_infra_capacity,208,0.526509150651027
2022,spearman,IT.NET.BBND.P2_z,IT.NET.SECR.P6_z,206,0.8544423738876478
2022,spearman,IT.NET.BBND.P2_z,SE.SEC.ENRR_z,138,0.649694398717776
2022,spearman,IT.NET.BBND.P2_z,SE.TER.ENRR_z,123,0.7394977492873819
2022,spearman,IT.NET.BBND.P2_z,dii_core_z,205,0.9144781379281525
2022,spearman,IT.NET.BBND.P2_z,pillar_access_adoption,204,0.700006360828604
2022,spearman,IT.NET.BBND.P2_z,pillar_human_capital,150,0.7034428196808747
2022,spearman,IT.NET.BBND.P2_z,pillar_infra_capacity,206,0.9590620034524533
2022,spearman,IT.NET.SECR.P6_z,SE.SEC.ENRR_z,139,0.6034630680548727
2022,spearman,IT.NET.SECR.P6_z,SE.TER.ENRR_z,125,0.6510660522273425
2022,spearman,IT.NET.SECR.P6_z,dii_core_z,210,0.896579449485411
2022,spearman,IT.NET.SECR.P6_z,pillar_access_adoption,208,0.703310610061182
2022,spearman,IT.NET.SECR.P6_z,pillar_human_capital,152,0.647516727150951
2022,spearman,IT.NET.SECR.P6_z,pillar_infra_capacity,215,0.9602622618271389
2022,spearman,IT.NET.USER.ZS_z,IT.CEL.SETS.P2_z,182,0.5479644978398028
2022,spearman,IT.NET.USER.ZS_z,IT.NET.BBND.P2_z,180,0.8134261829035526
2022,spearman,IT.NET.USER.ZS_z,IT.NET.SECR.P6_z,182,0.7943666317532293
2022,spearman,IT.NET.USER.ZS_z,SE.SEC.ENRR_z,127,0.6183060757826498
2022,spearman,IT.NET.USER.ZS_z,SE.TER.ENRR_z,120,0.6263729395395737
2022,spearman,IT.NET.USER.ZS_z,dii_core_z,182,0.8800644951047573
2022,spearman,IT.NET.USER.ZS_z,pillar_access_adoption,182,0.8337056565139129
2022,spearman,IT.NET.USER.ZS_z,pillar_human_capital,139,0.653737792617969
2022,spearman,IT.NET.USER.ZS_z,pillar_infra_capacity,182,0.8349627137757154
2022,spearman,SE.SEC.ENRR_z,SE.TER.ENRR_z,112,0.7599600232343595
2022,spearman,SE.SEC.ENRR_z,dii_core_z,139,0.80771258769382
2022,spearman,SE.SEC.ENRR_z,pillar_access_adoption,137,0.5076866354285287
2022,spearman,SE.SEC.ENRR_z,pillar_human_capital,139,0.9104115465391661
2022,spearman,SE.SEC.ENRR_z,pillar_infra_capacity,139,0.6419500424505117
2022,spearman,SE.TER.ENRR_z,dii_core_z,125,0.8705806451612901
2022,spearman,SE.TER.ENRR_z,pillar_access_adoption,123,0.4208252182997769
2022,spearman,SE.TER.ENRR_z,pillar_human_capital,125,0.9656651305683563
2022,spearman,SE.TER.ENRR_z,pillar_infra_capacity,125,0.7219293394777265
2022,spearman,pillar_access_adoption,dii_core_z,208,0.8423613000272038
2022,spearman,pillar_access_adoption,pillar_human_capital,150,0.48722698786612745
2022,spearman,pillar_access_adoption,pillar_infra_capacity,208,0.7169125687432324
2022,spearman,pillar_human_capital,dii_core_z,152,0.8723337365618956
2022,spearman,pillar_infra_capacity,dii_core_z,210,0.9343036609187768
2022,spearman,pillar_infra_capacity,pillar_human_capital,152,0.6937034834847149
